ConsumptionID,Timestamp,EnergyTypeID,LocationID,DeviceID,WeatherID,EnergyConsumed,Cost,PeakHourFlag,Season
1,2022-01-01 00:00:00,2,4,13,1,19.59,64.03,False,Monsoon
2,2022-01-01 01:00:00,1,6,21,2,10.29,22.9,False,Winter
3,2022-01-01 02:00:00,1,1,90,3,9.37,68.03,False,Autumn
4,2022-01-01 03:00:00,3,3,34,4,15.19,77.45,False,Autumn
5,2022-01-01 04:00:00,4,2,65,5,3.08,47.85,False,Monsoon
6,2022-01-01 05:00:00,2,2,9,6,,62.15,False,Monsoon
7,2022-01-01 06:00:00,1,3,46,7,11.15,46.18,True,Winter
8,2022-01-01 07:00:00,4,1,54,8,2.24,89.52,True,Winter
9,2022-01-01 08:00:00,4,1,78,9,8.65,50.29,True,Autumn
10,2022-01-01 09:00:00,4,5,94,10,17.14,84.34,True,Summer
11,2022-01-01 10:00:00,2,5,71,11,17.19,,True,Autumn
12,2022-01-01 11:00:00,4,5,95,12,2.44,41.64,True,Summer
13,2022-01-01 12:00:00,3,1,42,13,2.27,23.78,False,Monsoon
14,2022-01-01 13:00:00,1,2,59,14,5.62,41.2,False,Summer
15,2022-01-01 14:00:00,4,5,89,15,17.56,82.8,False,Monsoon
16,2022-01-01 15:00:00,1,3,4,16,3.01,23.54,False,Autumn
17,2022-01-01 16:00:00,2,5,98,17,14.54,52.92,False,Monsoon
18,2022-01-01 17:00:00,1,3,7,18,2.47,80.8,False,Winter
19,2022-01-01 18:00:00,4,3,83,19,12.65,35.99,True,Monsoon
20,2022-01-01 19:00:00,2,2,83,20,7.44,64.58,True,Winter
21,2022-01-01 20:00:00,2,6,24,21,15.88,25.32,True,Autumn
22,2022-01-01 21:00:00,2,3,81,22,5.06,11.82,True,Winter
23,2022-01-01 22:00:00,2,5,57,23,12.96,79.64,True,Summer
24,2022-01-01 23:00:00,2,2,83,24,5.1,10.8,True,Monsoon
25,2022-01-02 00:00:00,1,2,18,25,14.42,27.87,False,Winter
26,2022-01-02 01:00:00,4,1,1,26,17.54,85.66,False,Winter
27,2022-01-02 02:00:00,1,3,52,27,2.97,35.3,False,Autumn
28,2022-01-02 03:00:00,4,5,26,28,17.4,97.33,False,Monsoon
29,2022-01-02 04:00:00,2,3,81,29,12.07,97.99,False,Winter
30,2022-01-02 05:00:00,2,5,40,30,2.98,27.56,False,Autumn
31,2022-01-02 06:00:00,3,4,41,31,8.84,5.06,True,Monsoon
32,2022-01-02 07:00:00,3,1,74,32,3.64,70.8,True,Winter
33,2022-01-02 08:00:00,1,2,11,33,14.16,45.65,True,Winter
34,2022-01-02 09:00:00,1,1,15,34,15.3,10.97,True,Monsoon
35,2022-01-02 10:00:00,4,4,21,35,2.56,71.04,True,Summer
36,2022-01-02 11:00:00,4,6,32,36,10.37,4.09,True,Monsoon
37,2022-01-02 12:00:00,3,1,67,37,16.39,87.15,False,Monsoon
38,2022-01-02 13:00:00,3,1,92,38,18.76,14.73,False,Summer
39,2022-01-02 14:00:00,4,4,99,39,10.51,13.6,False,Winter
40,2022-01-02 15:00:00,1,1,84,40,19.03,18.39,False,Monsoon
41,2022-01-02 16:00:00,4,1,98,41,10.95,96.07,False,Summer
42,2022-01-02 17:00:00,1,4,17,42,8.19,69.62,False,Summer
43,2022-01-02 18:00:00,4,4,77,43,17.04,80.34,True,Autumn
44,2022-01-02 19:00:00,2,2,88,44,10.11,40.37,True,Winter
45,2022-01-02 20:00:00,2,6,53,45,9.7,34.29,True,Monsoon
46,2022-01-02 21:00:00,1,5,41,46,10.06,24.21,True,Summer
47,2022-01-02 22:00:00,1,5,58,47,17.01,48.58,True,Winter
48,2022-01-02 23:00:00,1,6,62,48,16.72,55.63,True,Autumn
49,2022-01-03 00:00:00,3,6,95,49,8.37,63.55,False,Monsoon
50,2022-01-03 01:00:00,3,6,18,50,7.0,26.45,False,Summer
51,2022-01-03 02:00:00,4,4,34,51,10.09,94.92,False,Autumn
52,2022-01-03 03:00:00,3,5,23,52,11.67,17.81,False,Autumn
53,2022-01-03 04:00:00,4,3,88,53,5.15,96.6,False,Autumn
54,2022-01-03 05:00:00,4,3,76,54,15.98,2.47,False,Winter
55,2022-01-03 06:00:00,4,3,42,55,9.99,48.63,True,Monsoon
56,2022-01-03 07:00:00,1,2,37,56,7.01,34.0,True,Monsoon
57,2022-01-03 08:00:00,2,6,26,57,2.58,45.46,True,Monsoon
58,2022-01-03 09:00:00,3,6,11,58,5.16,57.5,True,Summer
59,2022-01-03 10:00:00,4,5,54,59,19.01,44.12,True,Autumn
60,2022-01-03 11:00:00,2,1,48,60,6.45,42.07,True,Monsoon
61,2022-01-03 12:00:00,4,4,24,61,3.79,73.54,False,Summer
62,2022-01-03 13:00:00,1,5,51,62,9.48,68.9,False,Summer
63,2022-01-03 14:00:00,4,2,49,63,6.49,83.49,False,Monsoon
64,2022-01-03 15:00:00,3,1,74,64,1.19,25.75,False,Summer
65,2022-01-03 16:00:00,2,6,29,65,6.8,61.34,False,Autumn
66,2022-01-03 17:00:00,1,4,3,66,11.11,58.93,False,Summer
67,2022-01-03 18:00:00,4,1,3,67,11.26,37.6,True,Monsoon
68,2022-01-03 19:00:00,3,4,72,68,7.45,49.12,True,Monsoon
69,2022-01-03 20:00:00,3,3,83,69,9.22,32.06,True,Winter
70,2022-01-03 21:00:00,1,6,79,70,19.33,15.04,True,Monsoon
71,2022-01-03 22:00:00,3,6,81,71,7.86,22.17,True,Autumn
72,2022-01-03 23:00:00,3,6,30,72,5.54,11.45,True,Summer
73,2022-01-04 00:00:00,3,4,12,73,5.25,68.62,False,Autumn
74,2022-01-04 01:00:00,3,4,60,74,9.43,66.41,False,Autumn
75,2022-01-04 02:00:00,4,2,26,75,15.31,95.11,False,Winter
76,2022-01-04 03:00:00,1,2,34,76,4.52,73.24,False,Summer
77,2022-01-04 04:00:00,2,2,90,77,14.33,6.15,False,Autumn
78,2022-01-04 05:00:00,2,5,22,78,0.91,88.54,False,Monsoon
79,2022-01-04 06:00:00,3,3,7,79,8.67,86.4,True,Monsoon
80,2022-01-04 07:00:00,4,3,52,80,15.63,44.89,True,Autumn
81,2022-01-04 08:00:00,3,4,80,81,7.11,59.0,True,Monsoon
82,2022-01-04 09:00:00,3,2,55,82,11.49,97.63,True,Autumn
83,2022-01-04 10:00:00,4,6,77,83,4.5,53.7,True,Autumn
84,2022-01-04 11:00:00,1,6,34,84,14.97,90.63,True,Autumn
85,2022-01-04 12:00:00,2,3,20,85,1.52,9.22,False,Autumn
86,2022-01-04 13:00:00,4,3,12,86,17.12,19.91,False,Autumn
87,2022-01-04 14:00:00,2,4,48,87,4.36,44.63,False,Winter
88,2022-01-04 15:00:00,4,4,22,88,17.55,58.89,False,Winter
89,2022-01-04 16:00:00,4,1,73,89,7.37,81.81,False,Autumn
90,2022-01-04 17:00:00,3,1,16,90,14.59,98.84,False,Winter
91,2022-01-04 18:00:00,1,4,2,91,6.72,39.5,True,Summer
92,2022-01-04 19:00:00,2,1,92,92,18.17,5.69,True,Monsoon
93,2022-01-04 20:00:00,1,3,68,93,2.97,80.32,True,Summer
94,2022-01-04 21:00:00,3,4,56,94,3.98,60.83,True,Monsoon
95,2022-01-04 22:00:00,4,4,99,95,10.11,20.66,True,Summer
96,2022-01-04 23:00:00,2,2,59,96,2.1,49.99,True,Monsoon
97,2022-01-05 00:00:00,1,3,87,97,4.32,74.49,False,Winter
98,2022-01-05 01:00:00,2,3,64,98,18.9,77.27,False,Autumn
99,2022-01-05 02:00:00,2,5,16,99,19.54,50.46,False,Summer
100,2022-01-05 03:00:00,2,5,29,100,7.84,31.22,False,Autumn
101,2022-01-05 04:00:00,1,2,92,101,18.5,97.4,False,Winter
102,2022-01-05 05:00:00,2,5,27,102,11.12,66.67,False,Autumn
103,2022-01-05 06:00:00,1,1,25,103,5.76,41.42,True,Autumn
104,2022-01-05 07:00:00,4,4,35,104,14.2,28.77,True,Winter
105,2022-01-05 08:00:00,1,6,37,105,13.35,73.38,True,Winter
106,2022-01-05 09:00:00,3,1,96,106,19.79,24.98,True,Winter
107,2022-01-05 10:00:00,2,3,64,107,5.67,18.0,True,Monsoon
108,2022-01-05 11:00:00,3,5,49,108,13.61,53.45,True,Winter
109,2022-01-05 12:00:00,3,6,17,109,1.51,29.71,False,Monsoon
110,2022-01-05 13:00:00,4,1,56,110,2.72,63.26,False,Winter
111,2022-01-05 14:00:00,4,3,27,111,0.58,12.68,False,Monsoon
112,2022-01-05 15:00:00,1,5,77,112,19.99,65.84,False,Autumn
113,2022-01-05 16:00:00,1,4,28,113,16.14,29.05,False,Monsoon
114,2022-01-05 17:00:00,2,4,37,114,15.84,1.02,False,Winter
115,2022-01-05 18:00:00,3,5,94,115,10.44,13.57,True,Winter
116,2022-01-05 19:00:00,4,4,87,116,6.35,93.43,True,Winter
117,2022-01-05 20:00:00,4,2,25,117,3.45,86.87,True,Summer
118,2022-01-05 21:00:00,2,5,54,118,6.05,24.13,True,Summer
119,2022-01-05 22:00:00,4,2,24,119,7.83,78.06,True,Autumn
120,2022-01-05 23:00:00,3,5,53,120,15.25,61.25,True,Summer
121,2022-01-06 00:00:00,3,2,19,121,11.02,97.12,False,Summer
122,2022-01-06 01:00:00,2,4,4,122,2.01,37.99,False,Summer
123,2022-01-06 02:00:00,3,4,38,123,0.85,68.46,False,Monsoon
124,2022-01-06 03:00:00,1,1,34,124,2.5,7.29,False,Monsoon
125,2022-01-06 04:00:00,3,3,31,125,8.5,40.23,False,Winter
126,2022-01-06 05:00:00,1,2,80,126,18.7,96.42,False,Autumn
127,2022-01-06 06:00:00,4,6,58,127,12.93,54.36,True,Summer
128,2022-01-06 07:00:00,1,5,32,128,16.14,29.5,True,Winter
129,2022-01-06 08:00:00,2,4,48,129,9.59,12.91,True,Winter
130,2022-01-06 09:00:00,2,4,75,130,7.55,70.65,True,Winter
131,2022-01-06 10:00:00,2,5,88,131,2.61,64.84,True,Summer
132,2022-01-06 11:00:00,2,3,83,132,17.58,38.02,True,Winter
133,2022-01-06 12:00:00,2,5,59,133,15.77,95.14,False,Winter
134,2022-01-06 13:00:00,3,6,11,134,3.78,3.2,False,Summer
135,2022-01-06 14:00:00,4,2,2,135,10.49,31.07,False,Summer
136,2022-01-06 15:00:00,1,2,61,136,10.0,92.19,False,Winter
137,2022-01-06 16:00:00,1,6,18,137,12.69,32.77,False,Autumn
138,2022-01-06 17:00:00,4,6,42,138,18.95,25.97,False,Winter
139,2022-01-06 18:00:00,2,1,89,139,11.81,53.89,True,Autumn
140,2022-01-06 19:00:00,2,6,51,140,11.03,82.56,True,Autumn
141,2022-01-06 20:00:00,1,6,88,141,1.48,11.21,True,Winter
142,2022-01-06 21:00:00,2,5,28,142,1.73,94.36,True,Winter
143,2022-01-06 22:00:00,3,4,92,143,4.15,79.71,True,Monsoon
144,2022-01-06 23:00:00,3,1,50,144,1.13,18.94,True,Autumn
145,2022-01-07 00:00:00,3,5,91,145,15.0,71.49,False,Autumn
146,2022-01-07 01:00:00,4,5,55,146,14.6,39.11,False,Summer
147,2022-01-07 02:00:00,4,4,95,147,3.15,40.83,False,Summer
148,2022-01-07 03:00:00,3,3,77,148,16.8,78.55,False,Monsoon
149,2022-01-07 04:00:00,4,5,33,149,3.52,96.32,False,Autumn
150,2022-01-07 05:00:00,3,1,10,150,6.37,13.54,False,Winter
151,2022-01-07 06:00:00,2,4,13,151,5.36,42.64,True,Autumn
152,2022-01-07 07:00:00,4,2,72,152,7.76,48.61,True,Summer
153,2022-01-07 08:00:00,3,3,8,153,5.47,38.25,True,Winter
154,2022-01-07 09:00:00,4,4,7,154,10.03,36.96,True,Summer
155,2022-01-07 10:00:00,1,1,43,155,8.44,6.17,True,Summer
156,2022-01-07 11:00:00,1,5,31,156,19.74,68.87,True,Summer
157,2022-01-07 12:00:00,3,1,61,157,1.59,44.19,False,Summer
158,2022-01-07 13:00:00,3,6,46,158,3.27,20.28,False,Summer
159,2022-01-07 14:00:00,3,5,78,159,1.53,81.79,False,Autumn
160,2022-01-07 15:00:00,1,4,86,160,12.7,80.45,False,Autumn
161,2022-01-07 16:00:00,4,3,77,161,1.56,49.15,False,Monsoon
162,2022-01-07 17:00:00,1,4,91,162,16.81,30.55,False,Monsoon
163,2022-01-07 18:00:00,3,6,96,163,10.48,64.17,True,Winter
164,2022-01-07 19:00:00,3,6,6,164,10.78,29.53,True,Autumn
165,2022-01-07 20:00:00,3,1,1,165,11.45,24.36,True,Monsoon
166,2022-01-07 21:00:00,3,1,33,166,3.83,73.32,True,Monsoon
167,2022-01-07 22:00:00,3,2,65,167,4.35,4.99,True,Autumn
168,2022-01-07 23:00:00,3,2,80,168,6.72,10.38,True,Autumn
169,2022-01-08 00:00:00,2,5,49,169,12.07,1.67,False,Winter
170,2022-01-08 01:00:00,2,6,39,170,4.6,16.14,False,Autumn
171,2022-01-08 02:00:00,2,1,51,171,2.77,7.83,False,Autumn
172,2022-01-08 03:00:00,1,2,86,172,19.42,99.58,False,Autumn
173,2022-01-08 04:00:00,4,6,48,173,0.93,29.59,False,Summer
174,2022-01-08 05:00:00,3,2,17,174,16.15,15.78,False,Winter
175,2022-01-08 06:00:00,2,4,72,175,15.87,24.86,True,Monsoon
176,2022-01-08 07:00:00,1,5,6,176,6.3,93.68,True,Autumn
177,2022-01-08 08:00:00,4,3,75,177,3.14,52.5,True,Winter
178,2022-01-08 09:00:00,3,4,23,178,3.34,37.12,True,Autumn
179,2022-01-08 10:00:00,3,5,34,179,14.1,87.47,True,Winter
180,2022-01-08 11:00:00,4,5,22,180,13.03,40.1,True,Monsoon
181,2022-01-08 12:00:00,4,4,65,181,15.76,34.17,False,Winter
182,2022-01-08 13:00:00,4,2,64,182,18.78,21.52,False,Autumn
183,2022-01-08 14:00:00,1,2,44,183,13.99,38.4,False,Winter
184,2022-01-08 15:00:00,2,6,60,184,3.54,32.35,False,Monsoon
185,2022-01-08 16:00:00,3,3,17,185,5.25,68.05,False,Summer
186,2022-01-08 17:00:00,2,3,12,186,16.92,29.67,False,Autumn
187,2022-01-08 18:00:00,4,5,41,187,4.58,58.14,True,Autumn
188,2022-01-08 19:00:00,3,6,91,188,1.91,7.52,True,Monsoon
189,2022-01-08 20:00:00,3,3,68,189,14.21,19.94,True,Winter
190,2022-01-08 21:00:00,2,4,56,190,8.35,41.33,True,Summer
191,2022-01-08 22:00:00,2,6,19,191,18.44,93.76,True,Monsoon
192,2022-01-08 23:00:00,3,3,34,192,13.18,38.35,True,Summer
193,2022-01-09 00:00:00,1,1,15,193,2.26,66.74,False,Monsoon
194,2022-01-09 01:00:00,4,5,41,194,18.98,26.25,False,Autumn
195,2022-01-09 02:00:00,2,1,6,195,5.54,13.58,False,Winter
196,2022-01-09 03:00:00,3,5,17,196,7.08,6.8,False,Summer
197,2022-01-09 04:00:00,2,5,64,197,8.34,31.24,False,Summer
198,2022-01-09 05:00:00,3,4,36,198,1.5,16.61,False,Monsoon
199,2022-01-09 06:00:00,1,2,96,199,10.18,18.23,True,Monsoon
200,2022-01-09 07:00:00,2,3,47,200,2.9,76.32,True,Autumn
201,2022-01-09 08:00:00,3,1,56,201,8.32,2.57,True,Summer
202,2022-01-09 09:00:00,2,3,37,202,7.34,56.22,True,Monsoon
203,2022-01-09 10:00:00,3,5,34,203,15.57,38.57,True,Monsoon
204,2022-01-09 11:00:00,4,1,79,204,16.16,51.15,True,Autumn
205,2022-01-09 12:00:00,3,1,98,205,3.49,56.72,False,Winter
206,2022-01-09 13:00:00,3,6,34,206,7.65,32.02,False,Autumn
207,2022-01-09 14:00:00,3,5,67,207,7.78,30.22,False,Autumn
208,2022-01-09 15:00:00,3,3,41,208,3.45,73.61,False,Autumn
209,2022-01-09 16:00:00,4,1,56,209,16.07,87.26,False,Summer
210,2022-01-09 17:00:00,1,3,22,210,14.29,20.07,False,Monsoon
211,2022-01-09 18:00:00,4,1,41,211,4.21,10.66,True,Summer
212,2022-01-09 19:00:00,1,2,95,212,7.65,89.88,True,Monsoon
213,2022-01-09 20:00:00,1,4,63,213,2.56,35.64,True,Monsoon
214,2022-01-09 21:00:00,4,6,98,214,12.75,55.58,True,Autumn
215,2022-01-09 22:00:00,2,5,20,215,2.87,36.59,True,Winter
216,2022-01-09 23:00:00,1,4,72,216,19.73,13.45,True,Winter
217,2022-01-10 00:00:00,4,6,85,217,15.72,59.34,False,Winter
218,2022-01-10 01:00:00,3,3,82,218,8.11,52.99,False,Summer
219,2022-01-10 02:00:00,4,6,57,219,11.78,21.1,False,Summer
220,2022-01-10 03:00:00,1,4,7,220,18.27,45.74,False,Winter
221,2022-01-10 04:00:00,2,4,25,221,11.3,79.9,False,Winter
222,2022-01-10 05:00:00,2,4,20,222,3.9,59.45,False,Autumn
223,2022-01-10 06:00:00,2,4,7,223,7.88,10.59,True,Autumn
224,2022-01-10 07:00:00,3,5,30,224,16.94,55.25,True,Monsoon
225,2022-01-10 08:00:00,4,2,24,225,13.06,70.57,True,Summer
226,2022-01-10 09:00:00,4,6,5,226,13.19,79.48,True,Summer
227,2022-01-10 10:00:00,2,2,61,227,17.4,63.28,True,Winter
228,2022-01-10 11:00:00,3,4,34,228,17.93,16.11,True,Summer
229,2022-01-10 12:00:00,2,2,21,229,18.44,71.31,False,Autumn
230,2022-01-10 13:00:00,1,2,91,230,2.35,68.06,False,Autumn
231,2022-01-10 14:00:00,4,5,60,231,11.11,3.42,False,Winter
232,2022-01-10 15:00:00,3,4,56,232,14.94,41.76,False,Winter
233,2022-01-10 16:00:00,2,3,15,233,15.26,33.96,False,Monsoon
234,2022-01-10 17:00:00,3,4,64,234,12.33,67.27,False,Winter
235,2022-01-10 18:00:00,1,2,6,235,3.75,22.4,True,Winter
236,2022-01-10 19:00:00,1,3,57,236,16.05,59.5,True,Winter
237,2022-01-10 20:00:00,4,6,46,237,14.54,91.41,True,Autumn
238,2022-01-10 21:00:00,3,2,91,238,2.18,79.98,True,Monsoon
239,2022-01-10 22:00:00,2,2,72,239,9.54,92.22,True,Winter
240,2022-01-10 23:00:00,2,1,63,240,3.89,97.87,True,Summer
241,2022-01-11 00:00:00,2,1,59,241,7.08,2.06,False,Monsoon
242,2022-01-11 01:00:00,4,6,64,242,0.85,62.65,False,Winter
243,2022-01-11 02:00:00,1,1,15,243,8.31,41.87,False,Autumn
244,2022-01-11 03:00:00,2,2,93,244,11.22,86.13,False,Autumn
245,2022-01-11 04:00:00,4,6,19,245,12.58,25.93,False,Summer
246,2022-01-11 05:00:00,4,4,16,246,13.44,98.12,False,Summer
247,2022-01-11 06:00:00,4,6,45,247,16.81,61.76,True,Summer
248,2022-01-11 07:00:00,4,4,12,248,4.7,79.56,True,Monsoon
249,2022-01-11 08:00:00,4,2,27,249,2.85,9.47,True,Autumn
250,2022-01-11 09:00:00,4,1,37,250,17.1,19.16,True,Autumn
251,2022-01-11 10:00:00,1,2,24,251,3.55,76.08,True,Monsoon
252,2022-01-11 11:00:00,1,6,22,252,19.51,3.18,True,Summer
253,2022-01-11 12:00:00,2,4,96,253,16.93,81.87,False,Summer
254,2022-01-11 13:00:00,3,4,66,254,10.27,2.38,False,Summer
255,2022-01-11 14:00:00,1,6,35,255,19.64,66.05,False,Autumn
256,2022-01-11 15:00:00,3,5,73,256,2.4,37.14,False,Summer
257,2022-01-11 16:00:00,2,4,85,257,6.41,61.54,False,Winter
258,2022-01-11 17:00:00,1,5,75,258,12.95,69.91,False,Winter
259,2022-01-11 18:00:00,1,2,28,259,7.33,34.91,True,Winter
260,2022-01-11 19:00:00,2,4,75,260,18.6,11.69,True,Summer
261,2022-01-11 20:00:00,2,5,1,261,1.78,7.89,True,Winter
262,2022-01-11 21:00:00,3,4,68,262,11.21,59.3,True,Summer
263,2022-01-11 22:00:00,3,5,99,263,12.02,52.54,True,Winter
264,2022-01-11 23:00:00,2,4,74,264,13.23,74.48,True,Monsoon
265,2022-01-12 00:00:00,1,4,24,265,5.49,51.46,False,Autumn
266,2022-01-12 01:00:00,4,3,54,266,7.61,42.82,False,Winter
267,2022-01-12 02:00:00,3,2,10,267,16.95,40.41,False,Monsoon
268,2022-01-12 03:00:00,2,2,32,268,4.3,3.62,False,Summer
269,2022-01-12 04:00:00,1,4,99,269,16.62,34.22,False,Autumn
270,2022-01-12 05:00:00,1,5,64,270,11.47,97.63,False,Summer
271,2022-01-12 06:00:00,3,1,87,271,15.36,87.48,True,Summer
272,2022-01-12 07:00:00,3,5,13,272,14.42,33.61,True,Autumn
273,2022-01-12 08:00:00,4,4,43,273,4.55,59.19,True,Monsoon
274,2022-01-12 09:00:00,3,6,4,274,11.59,84.88,True,Monsoon
275,2022-01-12 10:00:00,4,2,37,275,17.42,44.69,True,Summer
276,2022-01-12 11:00:00,2,6,88,276,8.93,2.78,True,Winter
277,2022-01-12 12:00:00,3,5,88,277,19.35,8.38,False,Autumn
278,2022-01-12 13:00:00,4,3,16,278,9.32,51.53,False,Autumn
279,2022-01-12 14:00:00,3,4,51,279,3.28,96.97,False,Autumn
280,2022-01-12 15:00:00,2,5,48,280,8.09,69.63,False,Winter
281,2022-01-12 16:00:00,2,5,76,281,19.06,8.02,False,Winter
282,2022-01-12 17:00:00,4,3,14,282,6.73,19.75,False,Summer
283,2022-01-12 18:00:00,1,1,42,283,17.43,77.36,True,Monsoon
284,2022-01-12 19:00:00,2,1,20,284,17.68,84.3,True,Winter
285,2022-01-12 20:00:00,2,5,4,285,7.33,62.15,True,Winter
286,2022-01-12 21:00:00,2,4,11,286,2.12,64.8,True,Autumn
287,2022-01-12 22:00:00,2,6,59,287,14.63,3.81,True,Summer
288,2022-01-12 23:00:00,1,3,91,288,6.57,83.02,True,Winter
289,2022-01-13 00:00:00,2,1,85,289,15.77,79.04,False,Monsoon
290,2022-01-13 01:00:00,1,5,62,290,9.13,26.64,False,Winter
291,2022-01-13 02:00:00,3,4,59,291,9.96,71.16,False,Summer
292,2022-01-13 03:00:00,1,6,81,292,15.67,22.27,False,Monsoon
293,2022-01-13 04:00:00,4,1,35,293,7.96,4.99,False,Monsoon
294,2022-01-13 05:00:00,3,2,77,294,9.14,20.91,False,Autumn
295,2022-01-13 06:00:00,1,6,85,295,7.84,18.68,True,Monsoon
296,2022-01-13 07:00:00,1,6,1,296,7.66,34.44,True,Winter
297,2022-01-13 08:00:00,1,5,43,297,10.76,42.43,True,Summer
298,2022-01-13 09:00:00,1,3,6,298,16.27,51.35,True,Monsoon
299,2022-01-13 10:00:00,1,4,84,299,7.55,48.2,True,Winter
300,2022-01-13 11:00:00,1,5,80,300,10.72,27.8,True,Summer
301,2022-01-13 12:00:00,4,1,58,301,13.58,3.89,False,Monsoon
302,2022-01-13 13:00:00,4,5,42,302,5.75,60.91,False,Autumn
303,2022-01-13 14:00:00,4,5,94,303,5.91,40.18,False,Winter
304,2022-01-13 15:00:00,1,1,94,304,18.7,30.57,False,Winter
305,2022-01-13 16:00:00,3,2,73,305,14.61,86.83,False,Autumn
306,2022-01-13 17:00:00,4,4,17,306,11.76,74.93,False,Monsoon
307,2022-01-13 18:00:00,2,6,28,307,13.13,85.92,True,Winter
308,2022-01-13 19:00:00,2,6,7,308,1.07,50.0,True,Winter
309,2022-01-13 20:00:00,1,6,83,309,12.55,13.96,True,Monsoon
310,2022-01-13 21:00:00,3,6,37,310,10.44,69.93,True,Autumn
311,2022-01-13 22:00:00,4,1,42,311,11.14,21.4,True,Monsoon
312,2022-01-13 23:00:00,1,6,8,312,7.51,44.68,True,Summer
313,2022-01-14 00:00:00,3,6,96,313,2.09,7.44,False,Monsoon
314,2022-01-14 01:00:00,2,5,10,314,4.27,82.71,False,Winter
315,2022-01-14 02:00:00,4,5,71,315,19.04,13.47,False,Summer
316,2022-01-14 03:00:00,1,3,78,316,8.47,90.41,False,Summer
317,2022-01-14 04:00:00,1,5,49,317,9.6,86.56,False,Monsoon
318,2022-01-14 05:00:00,3,1,12,318,1.53,46.99,False,Winter
319,2022-01-14 06:00:00,1,3,52,319,1.23,74.69,True,Summer
320,2022-01-14 07:00:00,1,5,33,320,14.49,62.33,True,Autumn
321,2022-01-14 08:00:00,4,1,23,321,10.99,80.5,True,Winter
322,2022-01-14 09:00:00,2,4,31,322,10.42,43.75,True,Winter
323,2022-01-14 10:00:00,2,4,99,323,5.24,78.8,True,Monsoon
324,2022-01-14 11:00:00,3,5,52,324,15.02,46.78,True,Winter
325,2022-01-14 12:00:00,2,4,12,325,3.78,94.16,False,Autumn
326,2022-01-14 13:00:00,3,5,3,326,4.2,49.15,False,Winter
327,2022-01-14 14:00:00,4,6,27,327,9.48,46.8,False,Autumn
328,2022-01-14 15:00:00,3,3,21,328,6.08,78.72,False,Summer
329,2022-01-14 16:00:00,2,4,50,329,5.33,82.34,False,Monsoon
330,2022-01-14 17:00:00,1,3,100,330,13.08,55.89,False,Winter
331,2022-01-14 18:00:00,4,3,52,331,13.19,18.8,True,Winter
332,2022-01-14 19:00:00,2,3,37,332,16.58,47.31,True,Winter
333,2022-01-14 20:00:00,4,2,83,333,8.65,96.84,True,Autumn
334,2022-01-14 21:00:00,3,1,97,334,1.93,75.55,True,Summer
335,2022-01-14 22:00:00,2,6,84,335,5.84,81.31,True,Monsoon
336,2022-01-14 23:00:00,1,5,20,336,19.61,4.25,True,Autumn
337,2022-01-15 00:00:00,1,6,16,337,12.13,47.32,False,Autumn
338,2022-01-15 01:00:00,1,3,39,338,14.34,65.02,False,Monsoon
339,2022-01-15 02:00:00,1,6,63,339,0.64,83.17,False,Summer
340,2022-01-15 03:00:00,4,5,56,340,10.61,5.88,False,Winter
341,2022-01-15 04:00:00,2,3,95,341,1.23,85.39,False,Winter
342,2022-01-15 05:00:00,1,1,40,342,11.6,55.29,False,Winter
343,2022-01-15 06:00:00,1,6,88,343,18.46,20.53,True,Summer
344,2022-01-15 07:00:00,1,4,78,344,19.38,32.41,True,Autumn
345,2022-01-15 08:00:00,3,5,17,345,11.04,28.91,True,Winter
346,2022-01-15 09:00:00,2,2,46,346,9.43,53.56,True,Autumn
347,2022-01-15 10:00:00,4,5,86,347,18.93,6.12,True,Winter
348,2022-01-15 11:00:00,3,1,13,348,13.64,16.7,True,Autumn
349,2022-01-15 12:00:00,3,6,48,349,1.77,81.46,False,Autumn
350,2022-01-15 13:00:00,4,3,66,350,9.58,14.13,False,Summer
351,2022-01-15 14:00:00,1,6,26,351,5.18,24.11,False,Autumn
352,2022-01-15 15:00:00,1,5,63,352,9.66,45.88,False,Autumn
353,2022-01-15 16:00:00,2,1,58,353,9.38,52.19,False,Summer
354,2022-01-15 17:00:00,1,3,50,354,11.85,76.6,False,Winter
355,2022-01-15 18:00:00,3,4,61,355,7.46,45.29,True,Autumn
356,2022-01-15 19:00:00,3,1,35,356,3.7,79.2,True,Winter
357,2022-01-15 20:00:00,3,2,73,357,10.32,62.22,True,Monsoon
358,2022-01-15 21:00:00,4,5,77,358,16.69,12.2,True,Monsoon
359,2022-01-15 22:00:00,1,1,55,359,13.45,16.48,True,Summer
360,2022-01-15 23:00:00,1,3,12,360,7.1,44.27,True,Monsoon
361,2022-01-16 00:00:00,1,3,97,361,18.74,40.29,False,Autumn
362,2022-01-16 01:00:00,1,2,55,362,18.29,74.61,False,Winter
363,2022-01-16 02:00:00,2,5,48,363,4.58,58.49,False,Summer
364,2022-01-16 03:00:00,2,3,79,364,1.27,39.43,False,Summer
365,2022-01-16 04:00:00,3,3,24,365,14.96,17.91,False,Winter
366,2022-01-16 05:00:00,3,3,56,366,16.64,23.46,False,Winter
367,2022-01-16 06:00:00,4,1,81,367,19.37,57.97,True,Summer
368,2022-01-16 07:00:00,3,6,55,368,17.85,42.92,True,Autumn
369,2022-01-16 08:00:00,1,1,12,369,12.21,51.98,True,Winter
370,2022-01-16 09:00:00,3,5,6,370,10.84,17.9,True,Winter
371,2022-01-16 10:00:00,3,2,66,371,1.04,66.63,True,Summer
372,2022-01-16 11:00:00,2,5,44,372,5.31,85.4,True,Winter
373,2022-01-16 12:00:00,1,6,60,373,9.46,26.54,False,Winter
374,2022-01-16 13:00:00,4,2,87,374,12.76,49.66,False,Winter
375,2022-01-16 14:00:00,4,6,29,375,11.37,97.58,False,Summer
376,2022-01-16 15:00:00,4,4,83,376,14.98,33.99,False,Autumn
377,2022-01-16 16:00:00,3,3,88,377,5.96,59.91,False,Summer
378,2022-01-16 17:00:00,4,2,92,378,11.52,9.93,False,Monsoon
379,2022-01-16 18:00:00,4,3,20,379,2.22,61.0,True,Winter
380,2022-01-16 19:00:00,4,6,64,380,8.57,9.87,True,Monsoon
381,2022-01-16 20:00:00,2,2,68,381,15.13,95.96,True,Monsoon
382,2022-01-16 21:00:00,1,4,81,382,14.02,71.85,True,Summer
383,2022-01-16 22:00:00,2,2,83,383,19.82,79.03,True,Monsoon
384,2022-01-16 23:00:00,1,5,68,384,5.92,70.71,True,Summer
385,2022-01-17 00:00:00,2,1,11,385,10.21,59.38,False,Autumn
386,2022-01-17 01:00:00,1,3,38,386,6.93,45.54,False,Autumn
387,2022-01-17 02:00:00,4,1,60,387,9.09,85.98,False,Winter
388,2022-01-17 03:00:00,4,2,56,388,17.21,95.73,False,Winter
389,2022-01-17 04:00:00,4,5,11,389,13.84,50.4,False,Winter
390,2022-01-17 05:00:00,2,2,62,390,17.71,93.22,False,Monsoon
391,2022-01-17 06:00:00,4,4,39,391,4.47,58.75,True,Summer
392,2022-01-17 07:00:00,3,4,20,392,17.53,54.3,True,Autumn
393,2022-01-17 08:00:00,1,4,17,393,1.67,45.99,True,Monsoon
394,2022-01-17 09:00:00,2,2,88,394,17.83,21.72,True,Summer
395,2022-01-17 10:00:00,4,6,39,395,6.92,1.37,True,Autumn
396,2022-01-17 11:00:00,4,4,32,396,6.63,24.91,True,Monsoon
397,2022-01-17 12:00:00,1,6,67,397,10.49,51.46,False,Monsoon
398,2022-01-17 13:00:00,4,6,55,398,18.84,38.62,False,Monsoon
399,2022-01-17 14:00:00,4,2,38,399,1.43,45.4,False,Summer
400,2022-01-17 15:00:00,1,2,73,400,7.37,98.08,False,Monsoon
401,2022-01-17 16:00:00,1,5,7,401,17.2,35.68,False,Monsoon
402,2022-01-17 17:00:00,3,6,71,402,8.22,45.77,False,Winter
403,2022-01-17 18:00:00,3,3,10,403,4.38,14.22,True,Winter
404,2022-01-17 19:00:00,1,1,6,404,8.78,5.75,True,Monsoon
405,2022-01-17 20:00:00,2,6,66,405,8.02,77.77,True,Autumn
406,2022-01-17 21:00:00,3,3,14,406,18.35,57.5,True,Autumn
407,2022-01-17 22:00:00,1,1,66,407,15.36,76.31,True,Monsoon
408,2022-01-17 23:00:00,4,1,55,408,10.35,15.84,True,Winter
409,2022-01-18 00:00:00,2,2,53,409,19.77,57.61,False,Summer
410,2022-01-18 01:00:00,4,4,13,410,9.57,26.11,False,Summer
411,2022-01-18 02:00:00,3,4,60,411,1.64,23.58,False,Summer
412,2022-01-18 03:00:00,4,4,85,412,5.61,2.14,False,Monsoon
413,2022-01-18 04:00:00,2,3,93,413,9.0,13.9,False,Summer
414,2022-01-18 05:00:00,1,4,73,414,3.56,31.62,False,Winter
415,2022-01-18 06:00:00,1,6,33,415,18.98,12.57,True,Monsoon
416,2022-01-18 07:00:00,2,5,46,416,15.45,98.6,True,Summer
417,2022-01-18 08:00:00,4,2,33,417,5.73,31.55,True,Winter
418,2022-01-18 09:00:00,4,4,75,418,12.02,13.9,True,Summer
419,2022-01-18 10:00:00,2,6,11,419,14.57,20.71,True,Autumn
420,2022-01-18 11:00:00,1,6,99,420,18.85,59.18,True,Autumn
421,2022-01-18 12:00:00,4,4,65,421,17.69,7.34,False,Winter
422,2022-01-18 13:00:00,3,4,3,422,10.55,86.38,False,Winter
423,2022-01-18 14:00:00,2,3,15,423,15.61,96.19,False,Autumn
424,2022-01-18 15:00:00,3,2,95,424,11.46,25.43,False,Winter
425,2022-01-18 16:00:00,3,5,85,425,11.28,45.56,False,Monsoon
426,2022-01-18 17:00:00,1,4,60,426,2.74,3.19,False,Monsoon
427,2022-01-18 18:00:00,2,1,23,427,2.96,64.43,True,Autumn
428,2022-01-18 19:00:00,4,3,24,428,10.83,41.98,True,Monsoon
429,2022-01-18 20:00:00,4,4,51,429,5.74,27.74,True,Winter
430,2022-01-18 21:00:00,2,4,6,430,0.91,21.48,True,Winter
431,2022-01-18 22:00:00,1,6,11,431,14.6,65.75,True,Monsoon
432,2022-01-18 23:00:00,4,3,54,432,1.13,42.21,True,Autumn
433,2022-01-19 00:00:00,4,5,91,433,12.11,18.79,False,Autumn
434,2022-01-19 01:00:00,4,6,39,434,11.01,69.22,False,Winter
435,2022-01-19 02:00:00,1,1,41,435,19.39,56.94,False,Autumn
436,2022-01-19 03:00:00,4,1,76,436,9.94,86.01,False,Autumn
437,2022-01-19 04:00:00,4,5,93,437,1.74,12.63,False,Autumn
438,2022-01-19 05:00:00,3,6,59,438,11.26,78.78,False,Winter
439,2022-01-19 06:00:00,1,3,97,439,16.9,67.68,True,Summer
440,2022-01-19 07:00:00,4,4,86,440,19.94,12.39,True,Summer
441,2022-01-19 08:00:00,1,5,58,441,8.89,69.79,True,Autumn
442,2022-01-19 09:00:00,1,6,80,442,6.75,44.71,True,Summer
443,2022-01-19 10:00:00,4,3,34,443,18.18,94.55,True,Autumn
444,2022-01-19 11:00:00,4,3,44,444,4.23,15.02,True,Winter
445,2022-01-19 12:00:00,1,3,24,445,12.5,64.64,False,Monsoon
446,2022-01-19 13:00:00,1,3,28,446,8.41,38.82,False,Winter
447,2022-01-19 14:00:00,1,1,24,447,1.3,95.72,False,Monsoon
448,2022-01-19 15:00:00,3,3,11,448,7.27,33.67,False,Winter
449,2022-01-19 16:00:00,2,6,96,449,5.67,96.26,False,Monsoon
450,2022-01-19 17:00:00,4,5,78,450,13.88,90.25,False,Monsoon
451,2022-01-19 18:00:00,3,4,34,451,19.0,27.77,True,Summer
452,2022-01-19 19:00:00,3,4,87,452,5.73,80.55,True,Winter
453,2022-01-19 20:00:00,1,6,14,453,16.32,99.56,True,Monsoon
454,2022-01-19 21:00:00,2,6,56,454,1.58,26.01,True,Autumn
455,2022-01-19 22:00:00,4,2,69,455,10.99,44.24,True,Autumn
456,2022-01-19 23:00:00,3,6,3,456,1.88,52.5,True,Winter
457,2022-01-20 00:00:00,4,6,1,457,18.71,30.2,False,Winter
458,2022-01-20 01:00:00,3,5,51,458,15.44,2.51,False,Autumn
459,2022-01-20 02:00:00,4,2,15,459,13.33,22.79,False,Monsoon
460,2022-01-20 03:00:00,1,5,2,460,16.57,28.91,False,Autumn
461,2022-01-20 04:00:00,1,3,22,461,13.13,44.92,False,Autumn
462,2022-01-20 05:00:00,2,6,84,462,19.39,17.94,False,Monsoon
463,2022-01-20 06:00:00,1,6,62,463,14.42,87.45,True,Summer
464,2022-01-20 07:00:00,3,2,59,464,18.53,70.79,True,Autumn
465,2022-01-20 08:00:00,3,3,89,465,10.58,9.43,True,Autumn
466,2022-01-20 09:00:00,3,5,52,466,2.78,65.36,True,Summer
467,2022-01-20 10:00:00,3,1,85,467,10.8,65.71,True,Summer
468,2022-01-20 11:00:00,1,6,96,468,2.97,95.67,True,Winter
469,2022-01-20 12:00:00,1,1,78,469,12.05,1.3,False,Monsoon
470,2022-01-20 13:00:00,2,1,93,470,9.91,25.55,False,Monsoon
471,2022-01-20 14:00:00,4,1,63,471,12.64,92.85,False,Winter
472,2022-01-20 15:00:00,2,4,39,472,0.7,93.28,False,Summer
473,2022-01-20 16:00:00,4,1,80,473,4.3,72.34,False,Monsoon
474,2022-01-20 17:00:00,1,5,79,474,10.08,76.81,False,Monsoon
475,2022-01-20 18:00:00,3,1,47,475,19.03,10.06,True,Autumn
476,2022-01-20 19:00:00,2,6,89,476,7.98,51.87,True,Winter
477,2022-01-20 20:00:00,2,4,87,477,8.78,23.93,True,Monsoon
478,2022-01-20 21:00:00,1,3,89,478,14.44,18.94,True,Monsoon
479,2022-01-20 22:00:00,4,2,87,479,12.27,81.22,True,Monsoon
480,2022-01-20 23:00:00,2,6,51,480,6.33,14.37,True,Monsoon
481,2022-01-21 00:00:00,4,3,39,481,8.51,47.4,False,Winter
482,2022-01-21 01:00:00,2,3,12,482,4.75,93.92,False,Winter
483,2022-01-21 02:00:00,3,2,17,483,19.34,19.4,False,Monsoon
484,2022-01-21 03:00:00,1,1,18,484,3.05,97.82,False,Monsoon
485,2022-01-21 04:00:00,4,1,2,485,7.75,99.43,False,Monsoon
486,2022-01-21 05:00:00,1,5,25,486,1.0,56.01,False,Summer
487,2022-01-21 06:00:00,1,1,15,487,4.82,17.84,True,Autumn
488,2022-01-21 07:00:00,4,1,3,488,15.72,32.29,True,Autumn
489,2022-01-21 08:00:00,4,5,90,489,4.42,43.02,True,Winter
490,2022-01-21 09:00:00,2,6,25,490,2.06,31.62,True,Autumn
491,2022-01-21 10:00:00,4,2,4,491,9.75,28.78,True,Winter
492,2022-01-21 11:00:00,1,5,27,492,0.69,97.25,True,Autumn
493,2022-01-21 12:00:00,1,6,62,493,2.15,16.18,False,Winter
494,2022-01-21 13:00:00,4,1,84,494,16.25,73.6,False,Monsoon
495,2022-01-21 14:00:00,4,6,19,495,15.54,1.04,False,Autumn
496,2022-01-21 15:00:00,2,1,84,496,18.35,60.02,False,Summer
497,2022-01-21 16:00:00,2,1,31,497,17.16,91.68,False,Autumn
498,2022-01-21 17:00:00,2,5,56,498,13.82,29.51,False,Winter
499,2022-01-21 18:00:00,1,2,81,499,1.52,19.37,True,Winter
500,2022-01-21 19:00:00,4,4,69,500,15.77,65.52,True,Monsoon
501,2022-01-21 20:00:00,3,6,25,501,16.99,71.55,True,Monsoon
502,2022-01-21 21:00:00,4,6,12,502,16.08,69.12,True,Winter
503,2022-01-21 22:00:00,4,5,39,503,10.42,32.61,True,Autumn
504,2022-01-21 23:00:00,2,2,99,504,5.04,25.97,True,Summer
505,2022-01-22 00:00:00,3,1,60,505,16.98,95.64,False,Monsoon
506,2022-01-22 01:00:00,4,6,19,506,14.68,92.41,False,Monsoon
507,2022-01-22 02:00:00,3,2,61,507,19.62,46.27,False,Monsoon
508,2022-01-22 03:00:00,3,3,55,508,3.54,84.77,False,Autumn
509,2022-01-22 04:00:00,4,3,3,509,4.9,45.78,False,Summer
510,2022-01-22 05:00:00,2,4,15,510,4.63,43.01,False,Summer
511,2022-01-22 06:00:00,2,6,22,511,15.95,16.52,True,Summer
512,2022-01-22 07:00:00,4,1,20,512,4.14,43.21,True,Summer
513,2022-01-22 08:00:00,3,6,95,513,1.8,54.2,True,Winter
514,2022-01-22 09:00:00,3,4,90,514,19.97,3.23,True,Summer
515,2022-01-22 10:00:00,2,3,57,515,0.98,44.97,True,Winter
516,2022-01-22 11:00:00,2,4,63,516,16.79,78.35,True,Winter
517,2022-01-22 12:00:00,2,6,61,517,7.62,68.32,False,Summer
518,2022-01-22 13:00:00,3,6,3,518,16.91,63.88,False,Autumn
519,2022-01-22 14:00:00,3,3,58,519,11.32,91.05,False,Monsoon
520,2022-01-22 15:00:00,2,3,75,520,18.08,2.79,False,Winter
521,2022-01-22 16:00:00,2,2,32,521,18.56,56.15,False,Summer
522,2022-01-22 17:00:00,3,1,26,522,0.68,78.95,False,Winter
523,2022-01-22 18:00:00,1,3,38,523,1.97,54.59,True,Monsoon
524,2022-01-22 19:00:00,3,1,73,524,5.38,33.07,True,Monsoon
525,2022-01-22 20:00:00,4,4,51,525,13.55,14.49,True,Winter
526,2022-01-22 21:00:00,4,4,7,526,17.82,88.87,True,Monsoon
527,2022-01-22 22:00:00,3,3,43,527,9.47,47.61,True,Winter
528,2022-01-22 23:00:00,4,1,2,528,12.34,87.93,True,Summer
529,2022-01-23 00:00:00,1,3,14,529,4.18,59.0,False,Monsoon
530,2022-01-23 01:00:00,1,3,81,530,16.2,67.75,False,Winter
531,2022-01-23 02:00:00,1,2,92,531,19.36,80.62,False,Winter
532,2022-01-23 03:00:00,4,4,56,532,5.74,66.26,False,Autumn
533,2022-01-23 04:00:00,2,1,54,533,10.15,40.41,False,Winter
534,2022-01-23 05:00:00,1,4,64,534,2.18,51.85,False,Winter
535,2022-01-23 06:00:00,1,2,95,535,11.4,80.5,True,Summer
536,2022-01-23 07:00:00,2,5,75,536,10.3,37.99,True,Summer
537,2022-01-23 08:00:00,3,4,77,537,3.32,39.42,True,Monsoon
538,2022-01-23 09:00:00,2,2,94,538,9.12,10.47,True,Monsoon
539,2022-01-23 10:00:00,3,6,71,539,7.02,91.54,True,Autumn
540,2022-01-23 11:00:00,3,4,38,540,10.68,10.01,True,Winter
541,2022-01-23 12:00:00,2,1,5,541,11.92,65.17,False,Autumn
542,2022-01-23 13:00:00,1,2,63,542,0.67,41.91,False,Monsoon
543,2022-01-23 14:00:00,3,5,52,543,15.34,41.16,False,Summer
544,2022-01-23 15:00:00,2,4,63,544,14.4,68.28,False,Winter
545,2022-01-23 16:00:00,1,2,66,545,7.64,7.64,False,Monsoon
546,2022-01-23 17:00:00,3,5,76,546,1.53,59.78,False,Monsoon
547,2022-01-23 18:00:00,4,6,93,547,15.22,77.43,True,Monsoon
548,2022-01-23 19:00:00,1,1,79,548,19.13,82.99,True,Autumn
549,2022-01-23 20:00:00,2,4,87,549,5.18,17.88,True,Monsoon
550,2022-01-23 21:00:00,4,6,63,550,6.81,89.84,True,Autumn
551,2022-01-23 22:00:00,2,3,30,551,4.08,65.96,True,Monsoon
552,2022-01-23 23:00:00,3,1,92,552,11.75,88.3,True,Winter
553,2022-01-24 00:00:00,1,1,8,553,3.52,49.04,False,Summer
554,2022-01-24 01:00:00,4,1,68,554,7.45,54.66,False,Monsoon
555,2022-01-24 02:00:00,4,1,3,555,14.09,91.98,False,Winter
556,2022-01-24 03:00:00,4,5,55,556,11.42,90.09,False,Monsoon
557,2022-01-24 04:00:00,3,6,74,557,8.04,45.37,False,Summer
558,2022-01-24 05:00:00,1,3,41,558,8.69,28.17,False,Winter
559,2022-01-24 06:00:00,1,4,71,559,11.46,39.92,True,Winter
560,2022-01-24 07:00:00,3,1,9,560,0.61,39.39,True,Summer
561,2022-01-24 08:00:00,2,4,35,561,2.03,29.4,True,Monsoon
562,2022-01-24 09:00:00,4,2,83,562,17.68,27.59,True,Monsoon
563,2022-01-24 10:00:00,2,6,54,563,2.02,86.25,True,Summer
564,2022-01-24 11:00:00,3,6,61,564,14.28,7.92,True,Autumn
565,2022-01-24 12:00:00,2,1,15,565,18.44,68.08,False,Winter
566,2022-01-24 13:00:00,2,1,64,566,5.78,18.11,False,Summer
567,2022-01-24 14:00:00,3,6,80,567,7.72,35.11,False,Autumn
568,2022-01-24 15:00:00,4,4,83,568,11.59,7.09,False,Winter
569,2022-01-24 16:00:00,2,3,45,569,17.69,27.73,False,Winter
570,2022-01-24 17:00:00,1,2,58,570,18.87,77.07,False,Summer
571,2022-01-24 18:00:00,2,6,90,571,14.92,88.62,True,Autumn
572,2022-01-24 19:00:00,2,3,56,572,2.19,22.93,True,Winter
573,2022-01-24 20:00:00,1,4,3,573,13.55,46.89,True,Winter
574,2022-01-24 21:00:00,4,5,21,574,8.5,47.56,True,Autumn
575,2022-01-24 22:00:00,1,1,37,575,9.68,87.48,True,Autumn
576,2022-01-24 23:00:00,4,5,93,576,1.46,76.52,True,Monsoon
577,2022-01-25 00:00:00,3,6,25,577,4.23,51.79,False,Monsoon
578,2022-01-25 01:00:00,3,4,61,578,15.92,67.4,False,Summer
579,2022-01-25 02:00:00,2,4,45,579,9.35,84.89,False,Monsoon
580,2022-01-25 03:00:00,2,4,57,580,6.38,1.94,False,Summer
581,2022-01-25 04:00:00,3,4,30,581,7.99,40.89,False,Monsoon
582,2022-01-25 05:00:00,1,6,65,582,17.16,90.82,False,Summer
583,2022-01-25 06:00:00,3,1,29,583,15.11,74.29,True,Monsoon
584,2022-01-25 07:00:00,4,5,76,584,5.81,54.74,True,Summer
585,2022-01-25 08:00:00,2,2,88,585,2.79,53.43,True,Autumn
586,2022-01-25 09:00:00,1,1,44,586,5.41,35.43,True,Monsoon
587,2022-01-25 10:00:00,2,4,78,587,18.45,52.53,True,Winter
588,2022-01-25 11:00:00,3,6,92,588,11.84,65.88,True,Summer
589,2022-01-25 12:00:00,1,4,85,589,10.9,42.42,False,Autumn
590,2022-01-25 13:00:00,3,1,60,590,12.13,71.7,False,Autumn
591,2022-01-25 14:00:00,4,5,17,591,7.64,86.26,False,Monsoon
592,2022-01-25 15:00:00,3,5,38,592,16.24,16.31,False,Winter
593,2022-01-25 16:00:00,1,3,93,593,10.7,45.7,False,Monsoon
594,2022-01-25 17:00:00,3,3,92,594,2.78,41.39,False,Winter
595,2022-01-25 18:00:00,2,6,50,595,3.02,69.06,True,Monsoon
596,2022-01-25 19:00:00,2,3,54,596,10.97,25.74,True,Autumn
597,2022-01-25 20:00:00,1,4,87,597,18.76,64.38,True,Summer
598,2022-01-25 21:00:00,2,1,84,598,6.51,87.87,True,Autumn
599,2022-01-25 22:00:00,4,6,95,599,17.46,42.4,True,Autumn
600,2022-01-25 23:00:00,4,6,47,600,15.4,91.19,True,Summer
601,2022-01-26 00:00:00,1,1,61,601,5.33,99.32,False,Summer
602,2022-01-26 01:00:00,3,3,21,602,1.21,11.5,False,Summer
603,2022-01-26 02:00:00,2,5,80,603,2.49,24.07,False,Autumn
604,2022-01-26 03:00:00,2,3,27,604,14.71,95.09,False,Summer
605,2022-01-26 04:00:00,3,1,37,605,4.39,95.87,False,Monsoon
606,2022-01-26 05:00:00,3,4,89,606,7.74,10.67,False,Monsoon
607,2022-01-26 06:00:00,3,3,96,607,10.28,2.48,True,Monsoon
608,2022-01-26 07:00:00,3,6,12,608,14.65,16.95,True,Monsoon
609,2022-01-26 08:00:00,2,2,86,609,2.71,99.61,True,Winter
610,2022-01-26 09:00:00,4,2,62,610,8.42,18.82,True,Winter
611,2022-01-26 10:00:00,1,5,17,611,9.96,50.75,True,Autumn
612,2022-01-26 11:00:00,1,1,23,612,11.05,84.99,True,Autumn
613,2022-01-26 12:00:00,3,4,26,613,16.46,3.02,False,Summer
614,2022-01-26 13:00:00,4,6,21,614,3.85,60.84,False,Autumn
615,2022-01-26 14:00:00,2,2,78,615,16.25,28.43,False,Summer
616,2022-01-26 15:00:00,2,3,63,616,14.01,86.37,False,Summer
617,2022-01-26 16:00:00,1,6,13,617,11.34,29.06,False,Autumn
618,2022-01-26 17:00:00,3,4,54,618,14.14,68.99,False,Winter
619,2022-01-26 18:00:00,4,1,64,619,8.53,67.75,True,Summer
620,2022-01-26 19:00:00,1,6,39,620,3.2,22.93,True,Winter
621,2022-01-26 20:00:00,4,6,31,621,13.48,4.45,True,Autumn
622,2022-01-26 21:00:00,3,3,27,622,10.73,41.52,True,Monsoon
623,2022-01-26 22:00:00,3,4,72,623,12.97,29.63,True,Autumn
624,2022-01-26 23:00:00,1,1,7,624,7.09,81.09,True,Winter
625,2022-01-27 00:00:00,3,6,3,625,18.18,80.24,False,Summer
626,2022-01-27 01:00:00,4,4,46,626,11.95,46.25,False,Winter
627,2022-01-27 02:00:00,4,6,34,627,2.17,61.04,False,Autumn
628,2022-01-27 03:00:00,1,2,46,628,9.27,60.82,False,Winter
629,2022-01-27 04:00:00,3,2,87,629,15.25,82.89,False,Summer
630,2022-01-27 05:00:00,2,1,21,630,15.99,43.08,False,Winter
631,2022-01-27 06:00:00,3,2,23,631,10.14,28.27,True,Summer
632,2022-01-27 07:00:00,1,1,65,632,17.95,27.24,True,Autumn
633,2022-01-27 08:00:00,1,6,5,633,5.72,54.08,True,Autumn
634,2022-01-27 09:00:00,2,5,9,634,8.51,45.47,True,Monsoon
635,2022-01-27 10:00:00,1,2,44,635,18.02,44.57,True,Summer
636,2022-01-27 11:00:00,1,4,56,636,17.98,10.02,True,Autumn
637,2022-01-27 12:00:00,2,4,15,637,13.87,72.14,False,Summer
638,2022-01-27 13:00:00,2,1,80,638,17.25,22.16,False,Monsoon
639,2022-01-27 14:00:00,4,5,30,639,2.23,20.5,False,Winter
640,2022-01-27 15:00:00,1,6,16,640,17.37,41.86,False,Monsoon
641,2022-01-27 16:00:00,2,3,72,641,6.75,23.55,False,Monsoon
642,2022-01-27 17:00:00,4,4,29,642,3.98,58.8,False,Winter
643,2022-01-27 18:00:00,1,5,63,643,5.17,37.77,True,Winter
644,2022-01-27 19:00:00,2,4,34,644,8.65,45.44,True,Winter
645,2022-01-27 20:00:00,1,1,44,645,5.4,54.18,True,Monsoon
646,2022-01-27 21:00:00,4,1,46,646,6.75,21.15,True,Autumn
647,2022-01-27 22:00:00,3,3,99,647,3.13,16.42,True,Autumn
648,2022-01-27 23:00:00,1,1,6,648,6.28,88.16,True,Autumn
649,2022-01-28 00:00:00,1,3,99,649,11.66,43.94,False,Autumn
650,2022-01-28 01:00:00,1,6,72,650,9.12,41.8,False,Monsoon
651,2022-01-28 02:00:00,1,1,35,651,7.26,4.53,False,Autumn
652,2022-01-28 03:00:00,2,4,20,652,15.06,50.3,False,Summer
653,2022-01-28 04:00:00,3,1,89,653,17.92,55.86,False,Summer
654,2022-01-28 05:00:00,1,2,66,654,15.26,56.33,False,Winter
655,2022-01-28 06:00:00,2,6,78,655,6.97,71.0,True,Summer
656,2022-01-28 07:00:00,3,6,86,656,15.02,18.57,True,Winter
657,2022-01-28 08:00:00,4,5,14,657,3.46,25.97,True,Monsoon
658,2022-01-28 09:00:00,4,4,91,658,3.04,81.26,True,Autumn
659,2022-01-28 10:00:00,4,6,7,659,7.24,94.77,True,Autumn
660,2022-01-28 11:00:00,4,5,57,660,16.25,14.46,True,Monsoon
661,2022-01-28 12:00:00,4,2,59,661,5.3,50.27,False,Autumn
662,2022-01-28 13:00:00,3,6,97,662,1.73,22.2,False,Summer
663,2022-01-28 14:00:00,1,5,15,663,3.07,6.95,False,Monsoon
664,2022-01-28 15:00:00,4,2,14,664,17.25,33.22,False,Winter
665,2022-01-28 16:00:00,1,1,79,665,12.86,15.23,False,Summer
666,2022-01-28 17:00:00,1,1,79,666,5.44,71.28,False,Monsoon
667,2022-01-28 18:00:00,1,6,14,667,11.33,53.84,True,Autumn
668,2022-01-28 19:00:00,1,2,72,668,10.79,15.24,True,Monsoon
669,2022-01-28 20:00:00,1,4,6,669,13.28,1.91,True,Winter
670,2022-01-28 21:00:00,3,6,65,670,5.05,81.01,True,Autumn
671,2022-01-28 22:00:00,1,1,14,671,17.36,18.44,True,Monsoon
672,2022-01-28 23:00:00,3,4,22,672,6.53,61.02,True,Monsoon
673,2022-01-29 00:00:00,3,5,81,673,14.04,34.36,False,Autumn
674,2022-01-29 01:00:00,1,1,16,674,0.81,58.96,False,Monsoon
675,2022-01-29 02:00:00,3,2,27,675,7.77,32.25,False,Summer
676,2022-01-29 03:00:00,4,6,47,676,7.36,9.61,False,Summer
677,2022-01-29 04:00:00,4,6,21,677,11.1,23.07,False,Winter
678,2022-01-29 05:00:00,4,2,94,678,1.92,19.62,False,Summer
679,2022-01-29 06:00:00,1,1,38,679,15.91,43.37,True,Autumn
680,2022-01-29 07:00:00,4,2,91,680,4.75,66.17,True,Monsoon
681,2022-01-29 08:00:00,2,6,57,681,13.7,27.12,True,Monsoon
682,2022-01-29 09:00:00,2,1,98,682,16.16,2.19,True,Winter
683,2022-01-29 10:00:00,2,3,65,683,11.46,52.37,True,Monsoon
684,2022-01-29 11:00:00,4,1,64,684,14.95,60.97,True,Monsoon
685,2022-01-29 12:00:00,3,4,94,685,13.41,96.32,False,Summer
686,2022-01-29 13:00:00,2,5,13,686,7.43,59.36,False,Winter
687,2022-01-29 14:00:00,3,2,20,687,16.27,47.65,False,Monsoon
688,2022-01-29 15:00:00,3,5,83,688,6.25,57.77,False,Monsoon
689,2022-01-29 16:00:00,1,1,47,689,11.64,92.86,False,Autumn
690,2022-01-29 17:00:00,2,1,43,690,15.04,83.01,False,Autumn
691,2022-01-29 18:00:00,1,1,18,691,7.89,32.97,True,Summer
692,2022-01-29 19:00:00,1,4,16,692,6.4,24.49,True,Summer
693,2022-01-29 20:00:00,1,5,26,693,9.46,27.0,True,Monsoon
694,2022-01-29 21:00:00,4,5,57,694,16.45,50.94,True,Monsoon
695,2022-01-29 22:00:00,1,2,54,695,18.63,74.66,True,Winter
696,2022-01-29 23:00:00,3,1,99,696,11.13,50.82,True,Summer
697,2022-01-30 00:00:00,2,2,99,697,13.4,7.71,False,Monsoon
698,2022-01-30 01:00:00,3,4,1,698,18.11,72.63,False,Summer
699,2022-01-30 02:00:00,2,3,32,699,2.42,80.79,False,Winter
700,2022-01-30 03:00:00,4,6,61,700,5.03,29.66,False,Summer
701,2022-01-30 04:00:00,2,6,44,701,14.32,66.75,False,Summer
702,2022-01-30 05:00:00,2,4,37,702,16.56,43.23,False,Winter
703,2022-01-30 06:00:00,2,3,65,703,17.21,89.02,True,Winter
704,2022-01-30 07:00:00,2,1,22,704,8.59,84.68,True,Summer
705,2022-01-30 08:00:00,3,6,11,705,2.24,53.02,True,Winter
706,2022-01-30 09:00:00,2,5,35,706,9.04,69.46,True,Autumn
707,2022-01-30 10:00:00,1,5,48,707,5.0,88.45,True,Winter
708,2022-01-30 11:00:00,2,2,92,708,6.18,50.08,True,Monsoon
709,2022-01-30 12:00:00,1,3,97,709,15.56,32.01,False,Summer
710,2022-01-30 13:00:00,4,2,54,710,1.97,75.61,False,Monsoon
711,2022-01-30 14:00:00,1,1,47,711,16.64,22.79,False,Autumn
712,2022-01-30 15:00:00,3,5,81,712,8.84,39.46,False,Autumn
713,2022-01-30 16:00:00,1,2,86,713,12.12,86.71,False,Summer
714,2022-01-30 17:00:00,3,3,32,714,2.25,72.72,False,Autumn
715,2022-01-30 18:00:00,1,1,20,715,7.08,40.98,True,Monsoon
716,2022-01-30 19:00:00,2,1,97,716,2.25,22.26,True,Winter
717,2022-01-30 20:00:00,4,3,97,717,19.25,36.24,True,Winter
718,2022-01-30 21:00:00,3,2,68,718,16.24,29.13,True,Autumn
719,2022-01-30 22:00:00,3,4,54,719,9.46,18.43,True,Autumn
720,2022-01-30 23:00:00,2,2,30,720,4.86,74.59,True,Autumn
721,2022-01-31 00:00:00,2,6,18,721,18.7,25.95,False,Monsoon
722,2022-01-31 01:00:00,1,3,55,722,7.22,45.96,False,Winter
723,2022-01-31 02:00:00,3,5,53,723,3.64,39.2,False,Summer
724,2022-01-31 03:00:00,1,2,53,724,11.48,98.23,False,Monsoon
725,2022-01-31 04:00:00,2,4,59,725,18.9,39.72,False,Winter
726,2022-01-31 05:00:00,3,2,67,726,0.57,8.92,False,Monsoon
727,2022-01-31 06:00:00,4,5,88,727,5.14,9.89,True,Winter
728,2022-01-31 07:00:00,4,1,47,728,18.8,59.48,True,Summer
729,2022-01-31 08:00:00,3,2,4,729,3.84,60.34,True,Winter
730,2022-01-31 09:00:00,3,1,57,730,2.71,42.46,True,Monsoon
731,2022-01-31 10:00:00,2,6,19,731,11.62,43.75,True,Summer
732,2022-01-31 11:00:00,3,5,99,732,17.31,6.34,True,Monsoon
733,2022-01-31 12:00:00,3,4,2,733,9.8,52.14,False,Monsoon
734,2022-01-31 13:00:00,4,2,92,734,19.89,50.97,False,Autumn
735,2022-01-31 14:00:00,2,1,67,735,13.74,15.81,False,Winter
736,2022-01-31 15:00:00,1,4,9,736,1.94,11.28,False,Monsoon
737,2022-01-31 16:00:00,3,1,11,737,19.86,13.23,False,Winter
738,2022-01-31 17:00:00,2,1,44,738,8.45,11.0,False,Autumn
739,2022-01-31 18:00:00,2,1,41,739,6.1,61.36,True,Winter
740,2022-01-31 19:00:00,4,2,52,740,11.38,20.45,True,Monsoon
741,2022-01-31 20:00:00,3,1,99,741,6.43,25.89,True,Summer
742,2022-01-31 21:00:00,3,6,22,742,2.19,18.18,True,Winter
743,2022-01-31 22:00:00,2,6,56,743,0.53,95.83,True,Winter
744,2022-01-31 23:00:00,3,5,8,744,9.27,85.61,True,Summer
745,2022-02-01 00:00:00,4,3,51,745,16.82,23.82,False,Summer
746,2022-02-01 01:00:00,4,4,98,746,11.66,33.43,False,Autumn
747,2022-02-01 02:00:00,4,6,5,747,19.98,21.78,False,Summer
748,2022-02-01 03:00:00,3,4,85,748,6.09,49.7,False,Summer
749,2022-02-01 04:00:00,3,6,83,749,5.97,2.94,False,Monsoon
750,2022-02-01 05:00:00,4,2,20,750,3.62,67.47,False,Autumn
751,2022-02-01 06:00:00,1,2,74,751,3.7,52.79,True,Summer
752,2022-02-01 07:00:00,2,2,8,752,6.06,89.97,True,Autumn
753,2022-02-01 08:00:00,1,6,81,753,15.96,17.27,True,Summer
754,2022-02-01 09:00:00,3,3,92,754,18.16,80.61,True,Autumn
755,2022-02-01 10:00:00,2,5,85,755,19.51,79.4,True,Monsoon
756,2022-02-01 11:00:00,2,4,67,756,5.03,13.59,True,Summer
757,2022-02-01 12:00:00,3,4,38,757,17.69,40.46,False,Summer
758,2022-02-01 13:00:00,1,2,54,758,6.9,17.85,False,Winter
759,2022-02-01 14:00:00,1,2,52,759,2.7,26.22,False,Summer
760,2022-02-01 15:00:00,1,5,88,760,17.47,27.06,False,Winter
761,2022-02-01 16:00:00,1,6,90,761,12.9,56.07,False,Autumn
762,2022-02-01 17:00:00,4,1,71,762,3.71,41.73,False,Winter
763,2022-02-01 18:00:00,2,5,39,763,8.88,94.83,True,Autumn
764,2022-02-01 19:00:00,1,2,93,764,6.1,13.51,True,Summer
765,2022-02-01 20:00:00,3,6,96,765,14.87,97.4,True,Summer
766,2022-02-01 21:00:00,4,4,41,766,9.34,23.83,True,Winter
767,2022-02-01 22:00:00,2,5,45,767,19.79,77.51,True,Autumn
768,2022-02-01 23:00:00,3,1,2,768,1.57,34.56,True,Monsoon
769,2022-02-02 00:00:00,4,6,36,769,7.42,15.17,False,Autumn
770,2022-02-02 01:00:00,2,3,68,770,9.9,85.93,False,Summer
771,2022-02-02 02:00:00,3,3,79,771,10.31,31.58,False,Monsoon
772,2022-02-02 03:00:00,2,4,19,772,6.66,66.23,False,Autumn
773,2022-02-02 04:00:00,4,1,90,773,14.72,57.08,False,Summer
774,2022-02-02 05:00:00,1,5,52,774,17.56,47.7,False,Monsoon
775,2022-02-02 06:00:00,4,2,58,775,18.81,50.09,True,Summer
776,2022-02-02 07:00:00,3,2,83,776,16.2,73.49,True,Monsoon
777,2022-02-02 08:00:00,1,1,27,777,17.09,9.69,True,Autumn
778,2022-02-02 09:00:00,2,5,70,778,11.24,67.15,True,Autumn
779,2022-02-02 10:00:00,2,1,80,779,16.6,89.69,True,Autumn
780,2022-02-02 11:00:00,2,5,80,780,6.42,6.72,True,Monsoon
781,2022-02-02 12:00:00,4,3,84,781,8.27,14.92,False,Autumn
782,2022-02-02 13:00:00,2,5,57,782,6.68,71.95,False,Monsoon
783,2022-02-02 14:00:00,2,5,90,783,9.61,44.29,False,Winter
784,2022-02-02 15:00:00,2,2,45,784,6.07,40.95,False,Summer
785,2022-02-02 16:00:00,4,4,84,785,19.25,14.56,False,Winter
786,2022-02-02 17:00:00,3,6,52,786,6.6,51.17,False,Monsoon
787,2022-02-02 18:00:00,1,6,100,787,2.41,13.53,True,Autumn
788,2022-02-02 19:00:00,2,2,26,788,10.77,48.19,True,Autumn
789,2022-02-02 20:00:00,4,3,39,789,1.61,76.6,True,Monsoon
790,2022-02-02 21:00:00,2,1,11,790,2.66,26.57,True,Summer
791,2022-02-02 22:00:00,1,2,5,791,4.78,48.6,True,Autumn
792,2022-02-02 23:00:00,3,1,69,792,9.55,99.21,True,Winter
793,2022-02-03 00:00:00,3,2,43,793,8.95,68.98,False,Summer
794,2022-02-03 01:00:00,2,6,50,794,16.09,84.29,False,Autumn
795,2022-02-03 02:00:00,1,4,93,795,14.92,42.07,False,Monsoon
796,2022-02-03 03:00:00,2,4,93,796,8.81,77.02,False,Winter
797,2022-02-03 04:00:00,3,2,95,797,7.01,5.01,False,Monsoon
798,2022-02-03 05:00:00,4,2,17,798,6.67,13.17,False,Autumn
799,2022-02-03 06:00:00,4,6,67,799,15.59,21.1,True,Summer
800,2022-02-03 07:00:00,4,1,70,800,1.52,40.79,True,Autumn
801,2022-02-03 08:00:00,1,1,37,801,0.75,84.73,True,Autumn
802,2022-02-03 09:00:00,1,6,28,802,16.01,35.28,True,Autumn
803,2022-02-03 10:00:00,3,3,12,803,9.8,65.81,True,Summer
804,2022-02-03 11:00:00,1,3,66,804,3.05,71.22,True,Winter
805,2022-02-03 12:00:00,3,2,71,805,5.09,59.03,False,Monsoon
806,2022-02-03 13:00:00,3,4,40,806,18.68,36.37,False,Monsoon
807,2022-02-03 14:00:00,2,3,67,807,17.26,58.13,False,Summer
808,2022-02-03 15:00:00,4,3,44,808,14.34,34.88,False,Autumn
809,2022-02-03 16:00:00,4,5,97,809,9.9,9.3,False,Winter
810,2022-02-03 17:00:00,3,4,82,810,10.65,99.29,False,Monsoon
811,2022-02-03 18:00:00,1,1,21,811,19.52,13.59,True,Monsoon
812,2022-02-03 19:00:00,3,1,3,812,19.33,8.16,True,Monsoon
813,2022-02-03 20:00:00,4,6,4,813,4.7,87.97,True,Autumn
814,2022-02-03 21:00:00,2,1,70,814,16.32,30.88,True,Autumn
815,2022-02-03 22:00:00,4,5,76,815,4.35,65.38,True,Autumn
816,2022-02-03 23:00:00,3,2,34,816,4.66,33.57,True,Autumn
817,2022-02-04 00:00:00,3,2,31,817,13.68,39.75,False,Autumn
818,2022-02-04 01:00:00,4,1,100,818,8.4,26.95,False,Monsoon
819,2022-02-04 02:00:00,4,4,39,819,18.67,34.96,False,Winter
820,2022-02-04 03:00:00,1,5,93,820,2.24,41.66,False,Monsoon
821,2022-02-04 04:00:00,2,1,55,821,10.47,72.32,False,Autumn
822,2022-02-04 05:00:00,4,1,65,822,18.41,51.64,False,Summer
823,2022-02-04 06:00:00,2,2,15,823,18.13,94.41,True,Monsoon
824,2022-02-04 07:00:00,2,6,94,824,3.55,5.15,True,Winter
825,2022-02-04 08:00:00,1,4,8,825,7.65,50.8,True,Monsoon
826,2022-02-04 09:00:00,3,5,48,826,12.57,58.84,True,Autumn
827,2022-02-04 10:00:00,2,5,34,827,3.61,92.1,True,Autumn
828,2022-02-04 11:00:00,2,3,81,828,19.38,5.87,True,Summer
829,2022-02-04 12:00:00,2,4,65,829,18.34,57.78,False,Summer
830,2022-02-04 13:00:00,2,2,46,830,3.76,85.51,False,Summer
831,2022-02-04 14:00:00,3,6,16,831,2.86,24.95,False,Winter
832,2022-02-04 15:00:00,1,6,7,832,2.17,87.75,False,Monsoon
833,2022-02-04 16:00:00,2,3,97,833,18.23,2.89,False,Summer
834,2022-02-04 17:00:00,4,2,84,834,4.28,73.51,False,Winter
835,2022-02-04 18:00:00,3,1,16,835,8.62,93.38,True,Winter
836,2022-02-04 19:00:00,1,3,58,836,9.25,66.06,True,Autumn
837,2022-02-04 20:00:00,4,2,39,837,12.18,44.46,True,Winter
838,2022-02-04 21:00:00,4,1,74,838,1.9,5.44,True,Monsoon
839,2022-02-04 22:00:00,4,2,95,839,4.92,92.09,True,Monsoon
840,2022-02-04 23:00:00,2,6,1,840,18.66,47.56,True,Winter
841,2022-02-05 00:00:00,2,4,59,841,18.21,3.87,False,Winter
842,2022-02-05 01:00:00,4,2,44,842,15.74,69.29,False,Summer
843,2022-02-05 02:00:00,1,4,31,843,0.88,48.7,False,Monsoon
844,2022-02-05 03:00:00,2,2,96,844,6.88,13.31,False,Summer
845,2022-02-05 04:00:00,1,1,75,845,12.75,22.21,False,Summer
846,2022-02-05 05:00:00,2,4,73,846,5.87,7.38,False,Autumn
847,2022-02-05 06:00:00,2,5,92,847,18.24,57.86,True,Summer
848,2022-02-05 07:00:00,2,4,81,848,12.86,62.58,True,Monsoon
849,2022-02-05 08:00:00,1,1,86,849,1.9,51.07,True,Summer
850,2022-02-05 09:00:00,2,4,69,850,18.23,81.89,True,Monsoon
851,2022-02-05 10:00:00,1,2,77,851,19.18,86.24,True,Monsoon
852,2022-02-05 11:00:00,2,2,30,852,2.02,61.95,True,Autumn
853,2022-02-05 12:00:00,3,5,45,853,10.88,2.26,False,Summer
854,2022-02-05 13:00:00,2,4,39,854,6.42,69.83,False,Summer
855,2022-02-05 14:00:00,4,2,37,855,8.16,42.38,False,Winter
856,2022-02-05 15:00:00,1,4,86,856,4.0,56.99,False,Winter
857,2022-02-05 16:00:00,3,3,92,857,11.77,65.26,False,Winter
858,2022-02-05 17:00:00,1,2,74,858,19.18,35.67,False,Winter
859,2022-02-05 18:00:00,2,4,87,859,10.31,91.79,True,Autumn
860,2022-02-05 19:00:00,4,6,18,860,2.12,14.26,True,Autumn
861,2022-02-05 20:00:00,4,2,92,861,12.59,67.48,True,Winter
862,2022-02-05 21:00:00,4,6,49,862,7.13,1.43,True,Summer
863,2022-02-05 22:00:00,2,3,67,863,17.19,92.54,True,Monsoon
864,2022-02-05 23:00:00,2,3,95,864,8.98,12.14,True,Monsoon
865,2022-02-06 00:00:00,4,2,32,865,4.26,10.39,False,Winter
866,2022-02-06 01:00:00,2,3,14,866,4.23,33.97,False,Summer
867,2022-02-06 02:00:00,2,2,42,867,15.49,37.98,False,Summer
868,2022-02-06 03:00:00,3,1,67,868,5.68,22.22,False,Winter
869,2022-02-06 04:00:00,2,6,75,869,15.46,58.93,False,Monsoon
870,2022-02-06 05:00:00,3,5,25,870,4.51,44.85,False,Winter
871,2022-02-06 06:00:00,4,1,100,871,6.77,4.38,True,Autumn
872,2022-02-06 07:00:00,1,3,47,872,9.58,32.65,True,Autumn
873,2022-02-06 08:00:00,2,2,59,873,18.89,81.23,True,Summer
874,2022-02-06 09:00:00,4,1,13,874,18.67,69.28,True,Monsoon
875,2022-02-06 10:00:00,4,4,19,875,4.53,72.76,True,Winter
876,2022-02-06 11:00:00,2,4,92,876,7.49,70.11,True,Winter
877,2022-02-06 12:00:00,1,4,55,877,3.41,31.79,False,Winter
878,2022-02-06 13:00:00,1,2,53,878,10.44,10.87,False,Autumn
879,2022-02-06 14:00:00,2,3,11,879,9.48,27.97,False,Winter
880,2022-02-06 15:00:00,4,2,12,880,18.06,83.35,False,Winter
881,2022-02-06 16:00:00,2,3,8,881,18.64,98.07,False,Summer
882,2022-02-06 17:00:00,1,5,55,882,7.98,49.89,False,Winter
883,2022-02-06 18:00:00,2,2,17,883,10.09,1.96,True,Autumn
884,2022-02-06 19:00:00,4,6,61,884,17.98,14.86,True,Summer
885,2022-02-06 20:00:00,1,5,28,885,16.23,32.89,True,Monsoon
886,2022-02-06 21:00:00,1,2,58,886,0.57,58.28,True,Monsoon
887,2022-02-06 22:00:00,1,5,10,887,6.74,8.43,True,Autumn
888,2022-02-06 23:00:00,4,5,48,888,8.72,94.39,True,Winter
889,2022-02-07 00:00:00,2,2,87,889,4.98,37.14,False,Monsoon
890,2022-02-07 01:00:00,1,1,68,890,4.39,91.35,False,Monsoon
891,2022-02-07 02:00:00,4,4,52,891,1.24,78.27,False,Autumn
892,2022-02-07 03:00:00,4,5,76,892,13.05,75.79,False,Summer
893,2022-02-07 04:00:00,3,4,72,893,5.62,61.07,False,Winter
894,2022-02-07 05:00:00,1,2,67,894,1.52,63.05,False,Monsoon
895,2022-02-07 06:00:00,4,5,100,895,5.0,64.16,True,Autumn
896,2022-02-07 07:00:00,2,4,51,896,16.14,63.24,True,Autumn
897,2022-02-07 08:00:00,4,4,34,897,17.1,55.82,True,Monsoon
898,2022-02-07 09:00:00,4,3,75,898,9.92,98.65,True,Autumn
899,2022-02-07 10:00:00,3,1,64,899,8.61,73.5,True,Winter
900,2022-02-07 11:00:00,1,6,82,900,19.57,77.92,True,Summer
901,2022-02-07 12:00:00,4,4,55,901,4.41,87.37,False,Autumn
902,2022-02-07 13:00:00,2,6,57,902,4.7,22.35,False,Monsoon
903,2022-02-07 14:00:00,3,2,89,903,6.19,9.3,False,Autumn
904,2022-02-07 15:00:00,4,2,63,904,3.87,48.81,False,Monsoon
905,2022-02-07 16:00:00,2,3,94,905,7.9,51.89,False,Summer
906,2022-02-07 17:00:00,1,4,54,906,18.26,83.09,False,Autumn
907,2022-02-07 18:00:00,3,5,21,907,12.5,44.93,True,Winter
908,2022-02-07 19:00:00,4,2,19,908,8.53,57.51,True,Autumn
909,2022-02-07 20:00:00,3,5,65,909,18.72,53.18,True,Autumn
910,2022-02-07 21:00:00,2,2,17,910,1.45,4.78,True,Monsoon
911,2022-02-07 22:00:00,1,5,63,911,4.6,61.91,True,Winter
912,2022-02-07 23:00:00,1,1,92,912,11.53,82.98,True,Autumn
913,2022-02-08 00:00:00,1,4,59,913,12.5,16.59,False,Summer
914,2022-02-08 01:00:00,1,1,17,914,1.27,59.84,False,Winter
915,2022-02-08 02:00:00,4,1,91,915,8.36,59.77,False,Autumn
916,2022-02-08 03:00:00,2,4,66,916,13.16,17.25,False,Summer
917,2022-02-08 04:00:00,3,6,68,917,14.11,13.22,False,Autumn
918,2022-02-08 05:00:00,4,5,16,918,12.94,98.03,False,Monsoon
919,2022-02-08 06:00:00,3,1,89,919,6.75,39.98,True,Autumn
920,2022-02-08 07:00:00,1,4,28,920,2.32,23.51,True,Winter
921,2022-02-08 08:00:00,2,5,59,921,8.83,17.96,True,Monsoon
922,2022-02-08 09:00:00,4,4,61,922,3.01,67.09,True,Monsoon
923,2022-02-08 10:00:00,3,4,5,923,18.98,61.34,True,Summer
924,2022-02-08 11:00:00,3,6,96,924,9.77,64.71,True,Winter
925,2022-02-08 12:00:00,4,1,21,925,6.69,9.71,False,Winter
926,2022-02-08 13:00:00,3,4,72,926,15.44,89.46,False,Summer
927,2022-02-08 14:00:00,3,4,48,927,10.21,39.54,False,Summer
928,2022-02-08 15:00:00,4,2,16,928,6.55,32.02,False,Autumn
929,2022-02-08 16:00:00,2,1,78,929,16.33,46.77,False,Summer
930,2022-02-08 17:00:00,4,5,53,930,17.41,39.62,False,Winter
931,2022-02-08 18:00:00,4,1,15,931,13.62,86.49,True,Summer
932,2022-02-08 19:00:00,2,6,16,932,1.42,93.0,True,Autumn
933,2022-02-08 20:00:00,3,6,48,933,11.54,31.04,True,Autumn
934,2022-02-08 21:00:00,4,4,74,934,15.38,86.53,True,Summer
935,2022-02-08 22:00:00,3,2,38,935,3.16,78.37,True,Winter
936,2022-02-08 23:00:00,3,2,6,936,4.96,93.15,True,Autumn
937,2022-02-09 00:00:00,3,3,67,937,17.71,25.33,False,Monsoon
938,2022-02-09 01:00:00,4,3,20,938,0.89,58.12,False,Autumn
939,2022-02-09 02:00:00,2,2,16,939,15.18,28.18,False,Monsoon
940,2022-02-09 03:00:00,1,6,48,940,9.74,82.59,False,Monsoon
941,2022-02-09 04:00:00,2,1,40,941,9.21,1.53,False,Summer
942,2022-02-09 05:00:00,4,1,48,942,0.64,56.92,False,Winter
943,2022-02-09 06:00:00,2,4,39,943,16.48,34.58,True,Monsoon
944,2022-02-09 07:00:00,1,6,38,944,7.52,32.95,True,Autumn
945,2022-02-09 08:00:00,2,3,63,945,11.04,64.85,True,Winter
946,2022-02-09 09:00:00,4,2,4,946,13.71,85.3,True,Monsoon
947,2022-02-09 10:00:00,3,6,19,947,14.2,61.31,True,Summer
948,2022-02-09 11:00:00,1,4,19,948,19.14,85.46,True,Autumn
949,2022-02-09 12:00:00,2,5,76,949,10.86,27.2,False,Autumn
950,2022-02-09 13:00:00,4,6,54,950,8.29,52.43,False,Monsoon
951,2022-02-09 14:00:00,1,5,7,951,19.1,45.6,False,Summer
952,2022-02-09 15:00:00,1,1,40,952,13.02,2.15,False,Monsoon
953,2022-02-09 16:00:00,2,4,37,953,6.31,56.12,False,Autumn
954,2022-02-09 17:00:00,4,4,28,954,2.97,66.49,False,Autumn
955,2022-02-09 18:00:00,4,2,24,955,16.93,59.6,True,Winter
956,2022-02-09 19:00:00,1,6,95,956,7.56,73.89,True,Winter
957,2022-02-09 20:00:00,1,4,63,957,13.38,57.56,True,Autumn
958,2022-02-09 21:00:00,3,2,1,958,9.68,7.61,True,Winter
959,2022-02-09 22:00:00,2,3,16,959,4.38,12.53,True,Autumn
960,2022-02-09 23:00:00,3,6,71,960,12.23,60.05,True,Summer
961,2022-02-10 00:00:00,1,4,45,961,1.68,28.22,False,Winter
962,2022-02-10 01:00:00,1,6,9,962,8.56,8.88,False,Summer
963,2022-02-10 02:00:00,4,6,6,963,11.16,43.53,False,Winter
964,2022-02-10 03:00:00,4,1,54,964,9.0,55.88,False,Summer
965,2022-02-10 04:00:00,3,6,62,965,15.1,33.55,False,Summer
966,2022-02-10 05:00:00,1,1,74,966,16.64,72.32,False,Autumn
967,2022-02-10 06:00:00,2,4,40,967,15.54,64.73,True,Winter
968,2022-02-10 07:00:00,4,6,73,968,1.26,33.95,True,Winter
969,2022-02-10 08:00:00,4,3,58,969,4.29,75.73,True,Autumn
970,2022-02-10 09:00:00,1,5,44,970,10.96,65.22,True,Autumn
971,2022-02-10 10:00:00,2,1,49,971,18.73,64.11,True,Summer
972,2022-02-10 11:00:00,3,3,61,972,16.78,55.79,True,Autumn
973,2022-02-10 12:00:00,2,4,93,973,16.93,2.13,False,Summer
974,2022-02-10 13:00:00,1,3,78,974,6.41,69.95,False,Autumn
975,2022-02-10 14:00:00,2,6,17,975,8.87,38.23,False,Autumn
976,2022-02-10 15:00:00,2,5,98,976,9.68,94.32,False,Winter
977,2022-02-10 16:00:00,1,5,18,977,3.57,81.98,False,Monsoon
978,2022-02-10 17:00:00,3,5,65,978,1.11,59.18,False,Winter
979,2022-02-10 18:00:00,2,2,82,979,18.96,25.97,True,Autumn
980,2022-02-10 19:00:00,1,6,59,980,5.19,21.17,True,Monsoon
981,2022-02-10 20:00:00,2,1,98,981,5.18,34.7,True,Monsoon
982,2022-02-10 21:00:00,1,5,58,982,2.13,48.18,True,Monsoon
983,2022-02-10 22:00:00,3,3,86,983,18.61,30.31,True,Monsoon
984,2022-02-10 23:00:00,4,6,58,984,11.8,51.98,True,Summer
985,2022-02-11 00:00:00,3,1,20,985,13.51,17.37,False,Summer
986,2022-02-11 01:00:00,4,5,94,986,18.28,97.79,False,Monsoon
987,2022-02-11 02:00:00,4,6,42,987,7.24,11.68,False,Summer
988,2022-02-11 03:00:00,2,3,12,988,12.62,93.26,False,Monsoon
989,2022-02-11 04:00:00,1,1,80,989,1.26,91.44,False,Monsoon
990,2022-02-11 05:00:00,1,1,86,990,4.14,53.01,False,Autumn
991,2022-02-11 06:00:00,1,4,80,991,16.71,72.77,True,Autumn
992,2022-02-11 07:00:00,3,3,53,992,15.45,44.17,True,Summer
993,2022-02-11 08:00:00,3,4,50,993,7.34,63.37,True,Monsoon
994,2022-02-11 09:00:00,3,5,30,994,7.85,34.72,True,Summer
995,2022-02-11 10:00:00,3,1,51,995,10.9,30.81,True,Summer
996,2022-02-11 11:00:00,2,3,44,996,0.5,58.24,True,Autumn
997,2022-02-11 12:00:00,2,3,70,997,5.2,50.31,False,Winter
998,2022-02-11 13:00:00,4,2,6,998,4.56,58.37,False,Monsoon
999,2022-02-11 14:00:00,4,6,86,999,5.38,29.38,False,Autumn
1000,2022-02-11 15:00:00,1,5,57,1000,16.22,37.33,False,Summer
1001,2022-02-11 16:00:00,3,6,95,1001,5.95,9.31,False,Summer
1002,2022-02-11 17:00:00,2,1,36,1002,4.23,6.18,False,Autumn
1003,2022-02-11 18:00:00,4,5,83,1003,10.33,26.09,True,Winter
1004,2022-02-11 19:00:00,1,6,12,1004,17.38,8.35,True,Winter
1005,2022-02-11 20:00:00,1,2,22,1005,5.21,11.27,True,Monsoon
1006,2022-02-11 21:00:00,3,2,91,1006,2.03,81.48,True,Summer
1007,2022-02-11 22:00:00,3,3,4,1007,7.45,4.85,True,Summer
1008,2022-02-11 23:00:00,1,2,74,1008,15.08,66.24,True,Winter
1009,2022-02-12 00:00:00,3,5,81,1009,11.24,27.98,False,Autumn
1010,2022-02-12 01:00:00,3,1,99,1010,16.43,87.28,False,Monsoon
1011,2022-02-12 02:00:00,4,6,91,1011,19.21,49.01,False,Winter
1012,2022-02-12 03:00:00,4,4,40,1012,15.96,31.25,False,Winter
1013,2022-02-12 04:00:00,4,6,72,1013,12.27,52.25,False,Autumn
1014,2022-02-12 05:00:00,2,5,83,1014,10.12,38.81,False,Summer
1015,2022-02-12 06:00:00,3,6,16,1015,1.28,56.87,True,Winter
1016,2022-02-12 07:00:00,4,2,83,1016,19.69,12.34,True,Monsoon
1017,2022-02-12 08:00:00,4,6,72,1017,7.98,99.7,True,Summer
1018,2022-02-12 09:00:00,1,2,11,1018,3.47,43.13,True,Monsoon
1019,2022-02-12 10:00:00,4,3,25,1019,13.5,35.47,True,Winter
1020,2022-02-12 11:00:00,1,3,80,1020,6.04,71.31,True,Summer
1021,2022-02-12 12:00:00,3,3,70,1021,11.92,37.03,False,Monsoon
1022,2022-02-12 13:00:00,1,5,74,1022,11.94,83.49,False,Monsoon
1023,2022-02-12 14:00:00,4,6,97,1023,9.19,45.97,False,Autumn
1024,2022-02-12 15:00:00,2,4,7,1024,16.8,72.24,False,Monsoon
1025,2022-02-12 16:00:00,2,3,73,1025,5.67,11.64,False,Monsoon
1026,2022-02-12 17:00:00,3,1,67,1026,9.25,84.77,False,Autumn
1027,2022-02-12 18:00:00,4,1,25,1027,10.98,73.84,True,Monsoon
1028,2022-02-12 19:00:00,3,3,97,1028,13.44,21.96,True,Summer
1029,2022-02-12 20:00:00,1,3,61,1029,15.79,15.38,True,Winter
1030,2022-02-12 21:00:00,3,4,65,1030,8.2,32.31,True,Summer
1031,2022-02-12 22:00:00,2,4,3,1031,13.1,97.63,True,Winter
1032,2022-02-12 23:00:00,3,5,16,1032,3.44,26.43,True,Summer
1033,2022-02-13 00:00:00,1,5,85,1033,18.69,46.16,False,Monsoon
1034,2022-02-13 01:00:00,4,1,69,1034,7.97,3.97,False,Summer
1035,2022-02-13 02:00:00,3,4,24,1035,14.73,40.33,False,Monsoon
1036,2022-02-13 03:00:00,1,6,3,1036,0.9,57.56,False,Winter
1037,2022-02-13 04:00:00,2,5,36,1037,4.5,95.36,False,Summer
1038,2022-02-13 05:00:00,4,6,27,1038,10.0,52.16,False,Autumn
1039,2022-02-13 06:00:00,3,5,32,1039,17.63,82.09,True,Monsoon
1040,2022-02-13 07:00:00,3,3,91,1040,10.78,55.17,True,Monsoon
1041,2022-02-13 08:00:00,2,4,75,1041,18.63,5.04,True,Autumn
1042,2022-02-13 09:00:00,3,5,57,1042,9.93,32.19,True,Summer
1043,2022-02-13 10:00:00,2,3,11,1043,10.06,57.98,True,Summer
1044,2022-02-13 11:00:00,2,6,69,1044,2.84,95.11,True,Winter
1045,2022-02-13 12:00:00,4,6,78,1045,16.15,86.05,False,Summer
1046,2022-02-13 13:00:00,2,1,42,1046,5.32,23.61,False,Summer
1047,2022-02-13 14:00:00,2,2,52,1047,18.04,22.79,False,Winter
1048,2022-02-13 15:00:00,2,4,76,1048,18.26,20.92,False,Summer
1049,2022-02-13 16:00:00,3,1,6,1049,18.89,92.33,False,Summer
1050,2022-02-13 17:00:00,2,1,63,1050,10.64,85.41,False,Summer
1051,2022-02-13 18:00:00,2,4,3,1051,13.7,77.71,True,Autumn
1052,2022-02-13 19:00:00,2,2,44,1052,15.68,39.88,True,Winter
1053,2022-02-13 20:00:00,2,3,56,1053,3.05,50.93,True,Monsoon
1054,2022-02-13 21:00:00,3,1,24,1054,12.22,46.97,True,Winter
1055,2022-02-13 22:00:00,2,1,54,1055,1.17,26.09,True,Winter
1056,2022-02-13 23:00:00,1,2,4,1056,10.2,51.0,True,Summer
1057,2022-02-14 00:00:00,1,3,68,1057,3.52,4.02,False,Autumn
1058,2022-02-14 01:00:00,1,1,41,1058,4.07,14.05,False,Autumn
1059,2022-02-14 02:00:00,4,6,49,1059,7.62,88.77,False,Autumn
1060,2022-02-14 03:00:00,1,2,33,1060,8.93,75.42,False,Monsoon
1061,2022-02-14 04:00:00,1,4,12,1061,12.65,42.86,False,Monsoon
1062,2022-02-14 05:00:00,4,2,15,1062,1.95,52.2,False,Winter
1063,2022-02-14 06:00:00,3,2,13,1063,10.32,37.63,True,Summer
1064,2022-02-14 07:00:00,3,5,70,1064,4.06,74.34,True,Autumn
1065,2022-02-14 08:00:00,4,6,22,1065,11.69,78.63,True,Autumn
1066,2022-02-14 09:00:00,3,1,37,1066,12.93,76.57,True,Autumn
1067,2022-02-14 10:00:00,4,3,19,1067,11.36,72.54,True,Autumn
1068,2022-02-14 11:00:00,2,4,24,1068,14.9,21.25,True,Monsoon
1069,2022-02-14 12:00:00,3,6,33,1069,7.04,34.46,False,Monsoon
1070,2022-02-14 13:00:00,4,5,99,1070,15.42,47.51,False,Monsoon
1071,2022-02-14 14:00:00,2,2,12,1071,8.94,33.75,False,Winter
1072,2022-02-14 15:00:00,2,4,20,1072,9.94,75.74,False,Summer
1073,2022-02-14 16:00:00,1,3,40,1073,13.14,33.61,False,Summer
1074,2022-02-14 17:00:00,4,4,53,1074,0.86,14.68,False,Monsoon
1075,2022-02-14 18:00:00,4,4,87,1075,13.25,40.51,True,Summer
1076,2022-02-14 19:00:00,1,6,22,1076,12.56,98.01,True,Autumn
1077,2022-02-14 20:00:00,3,6,8,1077,6.54,23.36,True,Autumn
1078,2022-02-14 21:00:00,4,1,79,1078,2.17,61.6,True,Autumn
1079,2022-02-14 22:00:00,2,3,42,1079,2.27,43.86,True,Monsoon
1080,2022-02-14 23:00:00,4,2,24,1080,18.5,8.03,True,Winter
1081,2022-02-15 00:00:00,1,1,4,1081,13.94,49.3,False,Autumn
1082,2022-02-15 01:00:00,4,1,92,1082,2.98,70.51,False,Monsoon
1083,2022-02-15 02:00:00,3,2,8,1083,7.46,51.81,False,Summer
1084,2022-02-15 03:00:00,1,5,39,1084,12.05,87.34,False,Winter
1085,2022-02-15 04:00:00,1,6,50,1085,16.79,29.6,False,Monsoon
1086,2022-02-15 05:00:00,2,3,13,1086,1.35,9.54,False,Autumn
1087,2022-02-15 06:00:00,4,4,41,1087,5.11,93.72,True,Monsoon
1088,2022-02-15 07:00:00,1,5,19,1088,17.85,38.44,True,Autumn
1089,2022-02-15 08:00:00,3,3,53,1089,0.68,58.06,True,Summer
1090,2022-02-15 09:00:00,3,6,42,1090,4.43,79.41,True,Summer
1091,2022-02-15 10:00:00,3,6,34,1091,19.2,33.11,True,Autumn
1092,2022-02-15 11:00:00,2,3,49,1092,12.46,71.9,True,Monsoon
1093,2022-02-15 12:00:00,3,4,16,1093,5.6,14.41,False,Summer
1094,2022-02-15 13:00:00,2,5,7,1094,1.81,29.84,False,Winter
1095,2022-02-15 14:00:00,3,6,26,1095,1.05,15.33,False,Summer
1096,2022-02-15 15:00:00,4,6,31,1096,5.27,81.31,False,Autumn
1097,2022-02-15 16:00:00,3,5,97,1097,17.69,23.04,False,Monsoon
1098,2022-02-15 17:00:00,3,5,77,1098,8.61,72.02,False,Summer
1099,2022-02-15 18:00:00,2,4,76,1099,14.55,94.39,True,Winter
1100,2022-02-15 19:00:00,4,4,31,1100,18.41,53.25,True,Monsoon
1101,2022-02-15 20:00:00,4,3,64,1101,8.46,54.46,True,Monsoon
1102,2022-02-15 21:00:00,2,5,66,1102,4.23,46.64,True,Winter
1103,2022-02-15 22:00:00,4,2,97,1103,10.58,33.26,True,Monsoon
1104,2022-02-15 23:00:00,3,3,65,1104,18.21,48.09,True,Monsoon
1105,2022-02-16 00:00:00,3,2,50,1105,16.19,60.68,False,Winter
1106,2022-02-16 01:00:00,4,3,15,1106,1.78,98.61,False,Monsoon
1107,2022-02-16 02:00:00,3,2,35,1107,14.01,93.84,False,Winter
1108,2022-02-16 03:00:00,4,4,8,1108,11.65,86.35,False,Monsoon
1109,2022-02-16 04:00:00,2,3,41,1109,18.2,89.02,False,Autumn
1110,2022-02-16 05:00:00,2,3,60,1110,2.89,47.32,False,Autumn
1111,2022-02-16 06:00:00,2,1,71,1111,10.91,66.09,True,Winter
1112,2022-02-16 07:00:00,1,2,53,1112,17.65,89.61,True,Monsoon
1113,2022-02-16 08:00:00,3,3,9,1113,8.5,39.9,True,Monsoon
1114,2022-02-16 09:00:00,2,3,62,1114,9.9,96.21,True,Winter
1115,2022-02-16 10:00:00,4,4,4,1115,1.87,42.16,True,Winter
1116,2022-02-16 11:00:00,4,2,53,1116,5.92,60.51,True,Autumn
1117,2022-02-16 12:00:00,2,5,82,1117,6.83,71.27,False,Autumn
1118,2022-02-16 13:00:00,2,2,30,1118,18.93,95.11,False,Autumn
1119,2022-02-16 14:00:00,2,6,3,1119,6.01,25.22,False,Summer
1120,2022-02-16 15:00:00,4,5,35,1120,9.49,74.87,False,Autumn
1121,2022-02-16 16:00:00,1,3,71,1121,13.59,52.56,False,Winter
1122,2022-02-16 17:00:00,2,2,76,1122,3.66,27.59,False,Winter
1123,2022-02-16 18:00:00,4,2,87,1123,9.99,77.88,True,Monsoon
1124,2022-02-16 19:00:00,4,6,13,1124,14.9,55.67,True,Winter
1125,2022-02-16 20:00:00,2,6,32,1125,17.4,66.44,True,Summer
1126,2022-02-16 21:00:00,3,6,98,1126,12.71,32.97,True,Summer
1127,2022-02-16 22:00:00,4,2,72,1127,13.55,48.65,True,Summer
1128,2022-02-16 23:00:00,3,2,84,1128,2.96,62.12,True,Winter
1129,2022-02-17 00:00:00,3,2,17,1129,18.94,41.09,False,Autumn
1130,2022-02-17 01:00:00,1,1,39,1130,3.09,20.64,False,Winter
1131,2022-02-17 02:00:00,4,1,73,1131,15.61,96.2,False,Winter
1132,2022-02-17 03:00:00,1,3,53,1132,5.66,51.64,False,Autumn
1133,2022-02-17 04:00:00,2,5,58,1133,18.71,73.66,False,Winter
1134,2022-02-17 05:00:00,1,2,11,1134,14.54,41.69,False,Monsoon
1135,2022-02-17 06:00:00,2,4,82,1135,15.2,36.16,True,Winter
1136,2022-02-17 07:00:00,3,3,65,1136,4.77,41.31,True,Monsoon
1137,2022-02-17 08:00:00,4,3,27,1137,9.14,41.51,True,Summer
1138,2022-02-17 09:00:00,1,2,19,1138,12.55,54.87,True,Winter
1139,2022-02-17 10:00:00,4,2,48,1139,15.51,54.8,True,Monsoon
1140,2022-02-17 11:00:00,3,5,70,1140,2.53,50.22,True,Monsoon
1141,2022-02-17 12:00:00,3,6,22,1141,19.27,14.34,False,Summer
1142,2022-02-17 13:00:00,3,1,32,1142,17.86,50.11,False,Monsoon
1143,2022-02-17 14:00:00,3,6,69,1143,5.77,17.74,False,Winter
1144,2022-02-17 15:00:00,3,3,55,1144,16.54,13.49,False,Autumn
1145,2022-02-17 16:00:00,3,3,72,1145,10.61,93.33,False,Autumn
1146,2022-02-17 17:00:00,1,2,58,1146,9.51,60.89,False,Winter
1147,2022-02-17 18:00:00,4,3,6,1147,6.63,66.29,True,Winter
1148,2022-02-17 19:00:00,1,4,1,1148,11.83,40.78,True,Summer
1149,2022-02-17 20:00:00,3,5,60,1149,14.73,90.99,True,Summer
1150,2022-02-17 21:00:00,2,2,80,1150,8.51,64.16,True,Monsoon
1151,2022-02-17 22:00:00,2,5,38,1151,12.77,77.15,True,Winter
1152,2022-02-17 23:00:00,3,3,84,1152,14.14,37.49,True,Summer
1153,2022-02-18 00:00:00,3,1,22,1153,14.37,96.04,False,Autumn
1154,2022-02-18 01:00:00,3,1,1,1154,1.51,82.23,False,Winter
1155,2022-02-18 02:00:00,4,4,8,1155,17.27,85.54,False,Monsoon
1156,2022-02-18 03:00:00,4,4,62,1156,9.44,18.05,False,Summer
1157,2022-02-18 04:00:00,1,2,35,1157,5.62,27.83,False,Autumn
1158,2022-02-18 05:00:00,4,4,77,1158,5.21,29.28,False,Summer
1159,2022-02-18 06:00:00,3,3,33,1159,9.92,27.82,True,Winter
1160,2022-02-18 07:00:00,4,2,88,1160,17.79,85.69,True,Monsoon
1161,2022-02-18 08:00:00,2,1,49,1161,7.88,4.16,True,Monsoon
1162,2022-02-18 09:00:00,2,6,45,1162,15.12,8.53,True,Monsoon
1163,2022-02-18 10:00:00,3,5,81,1163,2.39,28.12,True,Winter
1164,2022-02-18 11:00:00,4,5,28,1164,9.78,20.79,True,Monsoon
1165,2022-02-18 12:00:00,4,3,75,1165,19.84,23.95,False,Autumn
1166,2022-02-18 13:00:00,1,6,66,1166,15.52,80.0,False,Winter
1167,2022-02-18 14:00:00,1,6,37,1167,4.61,56.75,False,Autumn
1168,2022-02-18 15:00:00,2,3,6,1168,10.28,1.57,False,Winter
1169,2022-02-18 16:00:00,3,4,21,1169,5.06,43.5,False,Winter
1170,2022-02-18 17:00:00,2,3,95,1170,8.49,41.38,False,Winter
1171,2022-02-18 18:00:00,3,5,69,1171,15.71,12.28,True,Summer
1172,2022-02-18 19:00:00,3,6,73,1172,15.54,67.94,True,Winter
1173,2022-02-18 20:00:00,3,2,9,1173,4.95,70.51,True,Summer
1174,2022-02-18 21:00:00,3,5,39,1174,18.48,72.37,True,Monsoon
1175,2022-02-18 22:00:00,4,6,12,1175,12.06,73.12,True,Winter
1176,2022-02-18 23:00:00,3,4,51,1176,7.91,1.01,True,Summer
1177,2022-02-19 00:00:00,4,3,90,1177,10.29,95.44,False,Winter
1178,2022-02-19 01:00:00,3,6,16,1178,12.3,81.61,False,Summer
1179,2022-02-19 02:00:00,4,1,18,1179,11.42,90.49,False,Monsoon
1180,2022-02-19 03:00:00,4,6,93,1180,9.98,2.55,False,Autumn
1181,2022-02-19 04:00:00,2,4,72,1181,10.35,93.45,False,Winter
1182,2022-02-19 05:00:00,2,1,36,1182,3.94,81.17,False,Summer
1183,2022-02-19 06:00:00,1,2,56,1183,16.35,83.88,True,Monsoon
1184,2022-02-19 07:00:00,2,6,27,1184,11.06,10.24,True,Summer
1185,2022-02-19 08:00:00,2,5,79,1185,3.06,74.14,True,Summer
1186,2022-02-19 09:00:00,3,1,65,1186,15.44,96.03,True,Monsoon
1187,2022-02-19 10:00:00,1,3,41,1187,18.68,68.18,True,Winter
1188,2022-02-19 11:00:00,2,1,88,1188,18.97,57.49,True,Autumn
1189,2022-02-19 12:00:00,2,4,44,1189,7.7,94.62,False,Monsoon
1190,2022-02-19 13:00:00,4,5,82,1190,3.14,44.85,False,Summer
1191,2022-02-19 14:00:00,1,2,34,1191,10.61,60.33,False,Monsoon
1192,2022-02-19 15:00:00,1,4,97,1192,2.7,48.16,False,Summer
1193,2022-02-19 16:00:00,1,3,91,1193,18.71,93.35,False,Monsoon
1194,2022-02-19 17:00:00,4,1,58,1194,4.08,8.53,False,Autumn
1195,2022-02-19 18:00:00,1,3,35,1195,5.43,50.61,True,Summer
1196,2022-02-19 19:00:00,1,1,32,1196,8.43,69.01,True,Summer
1197,2022-02-19 20:00:00,4,5,85,1197,7.97,79.4,True,Monsoon
1198,2022-02-19 21:00:00,1,6,42,1198,16.0,58.72,True,Summer
1199,2022-02-19 22:00:00,1,2,44,1199,9.4,90.98,True,Summer
1200,2022-02-19 23:00:00,3,5,27,1200,3.83,94.26,True,Monsoon
1201,2022-02-20 00:00:00,2,5,59,1201,5.71,7.37,False,Monsoon
1202,2022-02-20 01:00:00,1,2,77,1202,10.43,40.83,False,Autumn
1203,2022-02-20 02:00:00,4,3,43,1203,3.38,3.32,False,Monsoon
1204,2022-02-20 03:00:00,3,2,3,1204,12.43,33.61,False,Winter
1205,2022-02-20 04:00:00,2,1,89,1205,11.53,54.15,False,Autumn
1206,2022-02-20 05:00:00,2,1,18,1206,14.44,91.17,False,Monsoon
1207,2022-02-20 06:00:00,3,5,83,1207,18.79,84.81,True,Monsoon
1208,2022-02-20 07:00:00,4,4,1,1208,18.29,13.62,True,Monsoon
1209,2022-02-20 08:00:00,2,6,78,1209,18.95,10.21,True,Autumn
1210,2022-02-20 09:00:00,2,6,61,1210,5.27,59.34,True,Summer
1211,2022-02-20 10:00:00,2,1,1,1211,3.07,53.68,True,Winter
1212,2022-02-20 11:00:00,1,5,2,1212,6.39,27.37,True,Autumn
1213,2022-02-20 12:00:00,1,4,87,1213,17.95,90.05,False,Summer
1214,2022-02-20 13:00:00,3,2,23,1214,19.46,92.81,False,Summer
1215,2022-02-20 14:00:00,3,4,53,1215,17.26,40.86,False,Autumn
1216,2022-02-20 15:00:00,4,3,72,1216,2.65,89.14,False,Monsoon
1217,2022-02-20 16:00:00,4,5,90,1217,18.97,39.01,False,Monsoon
1218,2022-02-20 17:00:00,3,5,91,1218,8.76,73.94,False,Summer
1219,2022-02-20 18:00:00,4,5,63,1219,0.68,48.12,True,Monsoon
1220,2022-02-20 19:00:00,2,1,98,1220,9.13,13.14,True,Monsoon
1221,2022-02-20 20:00:00,2,6,51,1221,1.4,92.87,True,Winter
1222,2022-02-20 21:00:00,4,3,69,1222,11.11,45.96,True,Summer
1223,2022-02-20 22:00:00,4,4,11,1223,7.1,73.71,True,Monsoon
1224,2022-02-20 23:00:00,3,2,84,1224,9.73,37.35,True,Summer
1225,2022-02-21 00:00:00,3,6,84,1225,12.46,2.87,False,Autumn
1226,2022-02-21 01:00:00,4,4,10,1226,17.44,10.95,False,Monsoon
1227,2022-02-21 02:00:00,2,3,69,1227,13.41,50.13,False,Winter
1228,2022-02-21 03:00:00,1,4,4,1228,8.96,69.31,False,Winter
1229,2022-02-21 04:00:00,4,3,86,1229,16.48,34.14,False,Summer
1230,2022-02-21 05:00:00,3,1,57,1230,18.16,69.85,False,Autumn
1231,2022-02-21 06:00:00,3,3,87,1231,2.84,70.16,True,Summer
1232,2022-02-21 07:00:00,4,3,16,1232,10.87,70.69,True,Autumn
1233,2022-02-21 08:00:00,3,3,46,1233,6.05,49.76,True,Monsoon
1234,2022-02-21 09:00:00,2,3,49,1234,1.42,91.57,True,Monsoon
1235,2022-02-21 10:00:00,3,4,77,1235,13.54,49.43,True,Autumn
1236,2022-02-21 11:00:00,1,5,46,1236,17.32,45.58,True,Winter
1237,2022-02-21 12:00:00,1,1,50,1237,3.68,20.74,False,Monsoon
1238,2022-02-21 13:00:00,2,2,23,1238,16.34,31.46,False,Winter
1239,2022-02-21 14:00:00,3,6,99,1239,17.14,5.19,False,Monsoon
1240,2022-02-21 15:00:00,3,4,90,1240,18.33,63.72,False,Winter
1241,2022-02-21 16:00:00,4,6,2,1241,5.67,25.61,False,Summer
1242,2022-02-21 17:00:00,1,4,16,1242,18.13,31.11,False,Autumn
1243,2022-02-21 18:00:00,4,4,60,1243,6.75,77.31,True,Autumn
1244,2022-02-21 19:00:00,4,3,48,1244,11.27,33.39,True,Monsoon
1245,2022-02-21 20:00:00,3,2,25,1245,1.48,24.98,True,Monsoon
1246,2022-02-21 21:00:00,1,6,57,1246,1.36,17.74,True,Winter
1247,2022-02-21 22:00:00,4,4,2,1247,14.55,77.71,True,Summer
1248,2022-02-21 23:00:00,3,6,29,1248,9.17,13.84,True,Monsoon
1249,2022-02-22 00:00:00,2,4,96,1249,5.5,45.92,False,Monsoon
1250,2022-02-22 01:00:00,1,2,3,1250,4.21,51.19,False,Summer
1251,2022-02-22 02:00:00,3,5,98,1251,13.56,69.05,False,Autumn
1252,2022-02-22 03:00:00,2,5,36,1252,0.51,63.7,False,Summer
1253,2022-02-22 04:00:00,4,1,88,1253,16.21,81.26,False,Winter
1254,2022-02-22 05:00:00,4,2,91,1254,2.05,5.43,False,Autumn
1255,2022-02-22 06:00:00,4,2,46,1255,4.23,30.35,True,Autumn
1256,2022-02-22 07:00:00,2,3,25,1256,8.03,28.73,True,Autumn
1257,2022-02-22 08:00:00,2,4,12,1257,9.95,15.46,True,Autumn
1258,2022-02-22 09:00:00,4,5,79,1258,7.42,29.63,True,Autumn
1259,2022-02-22 10:00:00,4,3,81,1259,6.75,31.67,True,Summer
1260,2022-02-22 11:00:00,2,1,39,1260,19.3,52.67,True,Monsoon
1261,2022-02-22 12:00:00,3,5,92,1261,13.01,66.71,False,Monsoon
1262,2022-02-22 13:00:00,1,4,29,1262,0.96,38.73,False,Monsoon
1263,2022-02-22 14:00:00,4,1,30,1263,8.89,72.23,False,Autumn
1264,2022-02-22 15:00:00,2,1,64,1264,17.56,34.28,False,Autumn
1265,2022-02-22 16:00:00,3,4,47,1265,6.38,29.74,False,Monsoon
1266,2022-02-22 17:00:00,3,6,5,1266,2.34,54.58,False,Winter
1267,2022-02-22 18:00:00,3,3,36,1267,15.29,3.35,True,Summer
1268,2022-02-22 19:00:00,4,4,64,1268,12.32,8.9,True,Winter
1269,2022-02-22 20:00:00,2,2,91,1269,11.62,42.38,True,Autumn
1270,2022-02-22 21:00:00,1,5,91,1270,1.54,94.35,True,Autumn
1271,2022-02-22 22:00:00,2,4,78,1271,3.24,72.43,True,Monsoon
1272,2022-02-22 23:00:00,2,6,27,1272,12.64,9.72,True,Autumn
1273,2022-02-23 00:00:00,3,5,1,1273,4.55,84.79,False,Winter
1274,2022-02-23 01:00:00,1,2,26,1274,10.33,73.5,False,Summer
1275,2022-02-23 02:00:00,4,2,82,1275,11.13,61.48,False,Summer
1276,2022-02-23 03:00:00,4,2,51,1276,6.03,82.21,False,Monsoon
1277,2022-02-23 04:00:00,3,4,15,1277,18.99,41.01,False,Summer
1278,2022-02-23 05:00:00,4,3,36,1278,16.93,22.93,False,Summer
1279,2022-02-23 06:00:00,2,5,73,1279,14.59,51.69,True,Summer
1280,2022-02-23 07:00:00,3,4,65,1280,2.02,55.34,True,Monsoon
1281,2022-02-23 08:00:00,1,1,64,1281,2.57,54.29,True,Winter
1282,2022-02-23 09:00:00,2,3,22,1282,10.11,56.94,True,Winter
1283,2022-02-23 10:00:00,1,5,71,1283,3.63,94.92,True,Monsoon
1284,2022-02-23 11:00:00,1,3,25,1284,19.58,90.32,True,Summer
1285,2022-02-23 12:00:00,2,4,85,1285,3.59,87.7,False,Monsoon
1286,2022-02-23 13:00:00,1,5,95,1286,10.01,80.34,False,Autumn
1287,2022-02-23 14:00:00,3,6,73,1287,7.6,94.4,False,Autumn
1288,2022-02-23 15:00:00,3,4,87,1288,12.97,10.75,False,Summer
1289,2022-02-23 16:00:00,2,2,88,1289,3.02,27.25,False,Autumn
1290,2022-02-23 17:00:00,4,1,78,1290,8.89,50.01,False,Winter
1291,2022-02-23 18:00:00,1,1,73,1291,5.86,84.81,True,Summer
1292,2022-02-23 19:00:00,2,2,23,1292,17.81,51.01,True,Summer
1293,2022-02-23 20:00:00,1,3,9,1293,1.29,75.06,True,Summer
1294,2022-02-23 21:00:00,2,3,76,1294,18.32,14.76,True,Monsoon
1295,2022-02-23 22:00:00,1,6,17,1295,16.74,25.99,True,Monsoon
1296,2022-02-23 23:00:00,4,6,96,1296,6.3,73.45,True,Winter
1297,2022-02-24 00:00:00,2,4,9,1297,15.89,17.31,False,Summer
1298,2022-02-24 01:00:00,3,1,17,1298,1.11,35.78,False,Summer
1299,2022-02-24 02:00:00,4,6,34,1299,19.35,27.22,False,Summer
1300,2022-02-24 03:00:00,3,6,73,1300,10.77,35.64,False,Autumn
1301,2022-02-24 04:00:00,4,3,30,1301,6.41,71.12,False,Winter
1302,2022-02-24 05:00:00,3,4,67,1302,7.57,37.42,False,Summer
1303,2022-02-24 06:00:00,4,2,94,1303,1.79,55.97,True,Summer
1304,2022-02-24 07:00:00,1,4,36,1304,19.79,10.89,True,Monsoon
1305,2022-02-24 08:00:00,3,6,25,1305,1.27,80.7,True,Winter
1306,2022-02-24 09:00:00,1,6,87,1306,13.27,37.62,True,Autumn
1307,2022-02-24 10:00:00,2,2,3,1307,9.13,65.2,True,Summer
1308,2022-02-24 11:00:00,1,1,89,1308,19.0,72.81,True,Monsoon
1309,2022-02-24 12:00:00,3,1,87,1309,5.3,21.76,False,Winter
1310,2022-02-24 13:00:00,4,3,69,1310,10.88,88.58,False,Autumn
1311,2022-02-24 14:00:00,1,4,79,1311,9.91,62.01,False,Autumn
1312,2022-02-24 15:00:00,4,1,33,1312,14.21,43.44,False,Summer
1313,2022-02-24 16:00:00,2,5,88,1313,1.83,19.05,False,Autumn
1314,2022-02-24 17:00:00,2,6,72,1314,4.28,94.29,False,Autumn
1315,2022-02-24 18:00:00,3,3,59,1315,4.68,75.75,True,Autumn
1316,2022-02-24 19:00:00,4,5,1,1316,14.89,21.59,True,Summer
1317,2022-02-24 20:00:00,1,4,55,1317,4.19,34.43,True,Winter
1318,2022-02-24 21:00:00,1,5,83,1318,11.68,81.16,True,Autumn
1319,2022-02-24 22:00:00,2,4,87,1319,4.7,69.87,True,Summer
1320,2022-02-24 23:00:00,4,3,84,1320,17.3,76.81,True,Monsoon
1321,2022-02-25 00:00:00,4,6,7,1321,18.87,44.68,False,Summer
1322,2022-02-25 01:00:00,2,6,42,1322,10.61,71.93,False,Autumn
1323,2022-02-25 02:00:00,1,4,56,1323,7.37,39.26,False,Monsoon
1324,2022-02-25 03:00:00,2,6,53,1324,5.06,21.92,False,Monsoon
1325,2022-02-25 04:00:00,4,1,36,1325,1.47,63.64,False,Autumn
1326,2022-02-25 05:00:00,1,3,16,1326,5.74,97.63,False,Autumn
1327,2022-02-25 06:00:00,2,5,88,1327,13.26,31.75,True,Winter
1328,2022-02-25 07:00:00,4,6,67,1328,10.91,46.64,True,Monsoon
1329,2022-02-25 08:00:00,4,5,60,1329,18.91,67.73,True,Autumn
1330,2022-02-25 09:00:00,3,1,64,1330,8.23,54.61,True,Winter
1331,2022-02-25 10:00:00,3,3,47,1331,14.03,84.5,True,Summer
1332,2022-02-25 11:00:00,2,2,67,1332,10.04,76.41,True,Summer
1333,2022-02-25 12:00:00,1,5,98,1333,10.5,6.77,False,Summer
1334,2022-02-25 13:00:00,1,1,6,1334,5.72,99.84,False,Monsoon
1335,2022-02-25 14:00:00,3,2,93,1335,9.37,75.49,False,Monsoon
1336,2022-02-25 15:00:00,4,3,29,1336,9.68,86.53,False,Monsoon
1337,2022-02-25 16:00:00,3,4,7,1337,14.28,65.47,False,Winter
1338,2022-02-25 17:00:00,2,6,36,1338,18.84,85.77,False,Autumn
1339,2022-02-25 18:00:00,3,2,54,1339,6.92,12.13,True,Winter
1340,2022-02-25 19:00:00,1,3,69,1340,1.32,35.43,True,Summer
1341,2022-02-25 20:00:00,2,2,58,1341,10.18,87.77,True,Summer
1342,2022-02-25 21:00:00,1,1,41,1342,11.12,20.96,True,Autumn
1343,2022-02-25 22:00:00,2,3,1,1343,3.78,8.75,True,Summer
1344,2022-02-25 23:00:00,4,3,51,1344,15.33,79.02,True,Winter
1345,2022-02-26 00:00:00,3,4,25,1345,19.71,83.71,False,Summer
1346,2022-02-26 01:00:00,1,6,43,1346,18.94,17.1,False,Monsoon
1347,2022-02-26 02:00:00,2,3,11,1347,4.34,85.58,False,Autumn
1348,2022-02-26 03:00:00,3,1,74,1348,17.57,68.99,False,Winter
1349,2022-02-26 04:00:00,1,3,4,1349,14.24,52.49,False,Monsoon
1350,2022-02-26 05:00:00,4,3,95,1350,9.35,83.19,False,Autumn
1351,2022-02-26 06:00:00,2,5,29,1351,11.04,42.51,True,Summer
1352,2022-02-26 07:00:00,1,6,89,1352,17.07,20.21,True,Autumn
1353,2022-02-26 08:00:00,1,1,55,1353,9.86,29.2,True,Summer
1354,2022-02-26 09:00:00,4,5,10,1354,7.78,51.01,True,Monsoon
1355,2022-02-26 10:00:00,2,2,32,1355,10.12,53.6,True,Monsoon
1356,2022-02-26 11:00:00,3,6,26,1356,11.79,80.75,True,Autumn
1357,2022-02-26 12:00:00,1,2,22,1357,4.19,79.34,False,Autumn
1358,2022-02-26 13:00:00,2,1,43,1358,18.07,58.56,False,Winter
1359,2022-02-26 14:00:00,2,5,40,1359,13.65,78.3,False,Monsoon
1360,2022-02-26 15:00:00,4,2,9,1360,12.85,19.99,False,Autumn
1361,2022-02-26 16:00:00,1,5,81,1361,2.44,5.96,False,Summer
1362,2022-02-26 17:00:00,3,3,81,1362,12.28,87.49,False,Summer
1363,2022-02-26 18:00:00,1,3,13,1363,2.86,8.48,True,Autumn
1364,2022-02-26 19:00:00,1,6,4,1364,2.03,25.42,True,Winter
1365,2022-02-26 20:00:00,3,3,62,1365,10.78,69.84,True,Autumn
1366,2022-02-26 21:00:00,2,3,56,1366,8.35,41.54,True,Winter
1367,2022-02-26 22:00:00,1,6,4,1367,11.98,87.76,True,Monsoon
1368,2022-02-26 23:00:00,2,6,76,1368,2.24,30.5,True,Winter
1369,2022-02-27 00:00:00,4,6,81,1369,8.9,2.18,False,Autumn
1370,2022-02-27 01:00:00,2,3,43,1370,3.91,30.76,False,Winter
1371,2022-02-27 02:00:00,3,1,33,1371,19.75,58.23,False,Summer
1372,2022-02-27 03:00:00,3,5,32,1372,11.44,38.22,False,Monsoon
1373,2022-02-27 04:00:00,4,5,14,1373,13.91,53.95,False,Summer
1374,2022-02-27 05:00:00,2,3,61,1374,6.85,87.78,False,Autumn
1375,2022-02-27 06:00:00,1,2,31,1375,2.35,91.34,True,Autumn
1376,2022-02-27 07:00:00,4,1,44,1376,19.53,27.33,True,Winter
1377,2022-02-27 08:00:00,3,2,7,1377,6.08,46.75,True,Autumn
1378,2022-02-27 09:00:00,2,5,43,1378,8.76,55.37,True,Autumn
1379,2022-02-27 10:00:00,3,3,67,1379,13.17,94.96,True,Autumn
1380,2022-02-27 11:00:00,1,3,31,1380,0.98,99.86,True,Winter
1381,2022-02-27 12:00:00,4,4,10,1381,16.3,24.31,False,Monsoon
1382,2022-02-27 13:00:00,4,4,100,1382,10.96,72.97,False,Autumn
1383,2022-02-27 14:00:00,3,3,77,1383,5.93,38.43,False,Monsoon
1384,2022-02-27 15:00:00,4,2,80,1384,1.7,1.8,False,Winter
1385,2022-02-27 16:00:00,2,1,57,1385,3.67,1.92,False,Autumn
1386,2022-02-27 17:00:00,2,2,98,1386,17.95,46.6,False,Monsoon
1387,2022-02-27 18:00:00,3,2,13,1387,13.88,49.35,True,Autumn
1388,2022-02-27 19:00:00,3,5,81,1388,5.37,3.23,True,Monsoon
1389,2022-02-27 20:00:00,4,2,58,1389,1.78,69.01,True,Monsoon
1390,2022-02-27 21:00:00,3,2,75,1390,13.97,30.11,True,Winter
1391,2022-02-27 22:00:00,2,5,16,1391,11.66,56.43,True,Summer
1392,2022-02-27 23:00:00,1,5,11,1392,8.39,30.79,True,Autumn
1393,2022-02-28 00:00:00,2,6,8,1393,7.59,17.55,False,Autumn
1394,2022-02-28 01:00:00,4,5,5,1394,4.73,41.31,False,Winter
1395,2022-02-28 02:00:00,3,5,49,1395,13.56,24.0,False,Summer
1396,2022-02-28 03:00:00,3,6,41,1396,19.43,53.95,False,Winter
1397,2022-02-28 04:00:00,3,5,89,1397,3.93,20.68,False,Monsoon
1398,2022-02-28 05:00:00,4,6,9,1398,12.14,51.33,False,Monsoon
1399,2022-02-28 06:00:00,1,1,17,1399,8.77,16.58,True,Summer
1400,2022-02-28 07:00:00,4,4,8,1400,9.21,67.43,True,Autumn
1401,2022-02-28 08:00:00,2,4,57,1401,5.46,75.64,True,Autumn
1402,2022-02-28 09:00:00,1,1,8,1402,16.59,11.93,True,Winter
1403,2022-02-28 10:00:00,3,1,39,1403,9.96,47.31,True,Autumn
1404,2022-02-28 11:00:00,2,2,79,1404,11.1,8.02,True,Monsoon
1405,2022-02-28 12:00:00,3,1,81,1405,6.44,60.22,False,Winter
1406,2022-02-28 13:00:00,1,4,56,1406,4.05,27.18,False,Winter
1407,2022-02-28 14:00:00,4,3,9,1407,2.18,53.23,False,Autumn
1408,2022-02-28 15:00:00,2,3,14,1408,14.43,52.23,False,Autumn
1409,2022-02-28 16:00:00,4,6,87,1409,4.33,92.51,False,Monsoon
1410,2022-02-28 17:00:00,2,3,8,1410,13.96,55.36,False,Winter
1411,2022-02-28 18:00:00,3,2,72,1411,8.11,58.72,True,Monsoon
1412,2022-02-28 19:00:00,3,4,7,1412,8.61,40.76,True,Monsoon
1413,2022-02-28 20:00:00,4,5,38,1413,9.65,94.96,True,Autumn
1414,2022-02-28 21:00:00,3,5,49,1414,7.67,77.94,True,Monsoon
1415,2022-02-28 22:00:00,1,3,52,1415,2.46,29.26,True,Monsoon
1416,2022-02-28 23:00:00,1,2,13,1416,6.54,84.58,True,Winter
1417,2022-03-01 00:00:00,1,6,80,1417,13.44,43.81,False,Monsoon
1418,2022-03-01 01:00:00,1,3,97,1418,13.48,83.04,False,Summer
1419,2022-03-01 02:00:00,2,1,53,1419,6.08,82.47,False,Monsoon
1420,2022-03-01 03:00:00,2,6,30,1420,9.47,19.7,False,Monsoon
1421,2022-03-01 04:00:00,1,1,77,1421,4.27,70.41,False,Autumn
1422,2022-03-01 05:00:00,2,2,85,1422,4.6,29.77,False,Winter
1423,2022-03-01 06:00:00,1,2,80,1423,0.95,30.45,True,Autumn
1424,2022-03-01 07:00:00,4,6,2,1424,17.99,30.34,True,Monsoon
1425,2022-03-01 08:00:00,2,2,59,1425,4.61,72.83,True,Monsoon
1426,2022-03-01 09:00:00,1,6,50,1426,4.94,23.75,True,Winter
1427,2022-03-01 10:00:00,1,2,60,1427,5.95,1.09,True,Winter
1428,2022-03-01 11:00:00,4,3,55,1428,2.98,71.81,True,Monsoon
1429,2022-03-01 12:00:00,4,2,80,1429,12.97,17.95,False,Winter
1430,2022-03-01 13:00:00,3,2,80,1430,1.97,11.34,False,Autumn
1431,2022-03-01 14:00:00,1,2,13,1431,3.12,24.51,False,Summer
1432,2022-03-01 15:00:00,3,1,44,1432,13.07,38.61,False,Summer
1433,2022-03-01 16:00:00,2,4,84,1433,7.12,48.11,False,Winter
1434,2022-03-01 17:00:00,1,6,87,1434,14.3,5.41,False,Winter
1435,2022-03-01 18:00:00,1,1,4,1435,11.37,97.09,True,Summer
1436,2022-03-01 19:00:00,2,1,59,1436,5.49,71.89,True,Summer
1437,2022-03-01 20:00:00,4,1,67,1437,13.19,33.0,True,Autumn
1438,2022-03-01 21:00:00,1,4,43,1438,2.77,32.55,True,Autumn
1439,2022-03-01 22:00:00,4,4,76,1439,10.96,45.41,True,Monsoon
1440,2022-03-01 23:00:00,1,1,25,1440,9.02,63.0,True,Monsoon
1441,2022-03-02 00:00:00,3,2,14,1441,5.72,15.49,False,Autumn
1442,2022-03-02 01:00:00,4,1,14,1442,12.28,19.7,False,Summer
1443,2022-03-02 02:00:00,3,1,2,1443,17.49,86.08,False,Autumn
1444,2022-03-02 03:00:00,1,6,77,1444,19.98,26.37,False,Winter
1445,2022-03-02 04:00:00,3,5,92,1445,12.35,38.64,False,Winter
1446,2022-03-02 05:00:00,1,5,9,1446,8.39,87.26,False,Monsoon
1447,2022-03-02 06:00:00,1,1,76,1447,4.89,66.65,True,Monsoon
1448,2022-03-02 07:00:00,3,4,25,1448,5.51,34.83,True,Winter
1449,2022-03-02 08:00:00,1,1,74,1449,9.85,68.69,True,Summer
1450,2022-03-02 09:00:00,2,3,17,1450,7.66,2.95,True,Winter
1451,2022-03-02 10:00:00,1,1,82,1451,18.32,73.83,True,Autumn
1452,2022-03-02 11:00:00,1,1,66,1452,7.68,49.21,True,Winter
1453,2022-03-02 12:00:00,2,3,33,1453,7.78,81.51,False,Monsoon
1454,2022-03-02 13:00:00,4,6,46,1454,7.98,95.51,False,Monsoon
1455,2022-03-02 14:00:00,2,1,54,1455,16.81,92.65,False,Autumn
1456,2022-03-02 15:00:00,2,1,62,1456,13.19,91.02,False,Autumn
1457,2022-03-02 16:00:00,2,1,93,1457,12.48,51.7,False,Winter
1458,2022-03-02 17:00:00,2,5,80,1458,7.02,36.65,False,Summer
1459,2022-03-02 18:00:00,4,2,57,1459,16.45,47.04,True,Monsoon
1460,2022-03-02 19:00:00,1,5,24,1460,1.25,69.3,True,Winter
1461,2022-03-02 20:00:00,3,2,32,1461,17.48,88.52,True,Autumn
1462,2022-03-02 21:00:00,4,2,18,1462,10.5,21.49,True,Winter
1463,2022-03-02 22:00:00,4,6,6,1463,8.27,91.9,True,Summer
1464,2022-03-02 23:00:00,1,3,8,1464,10.19,81.7,True,Monsoon
1465,2022-03-03 00:00:00,2,1,17,1465,13.51,97.91,False,Monsoon
1466,2022-03-03 01:00:00,2,1,40,1466,0.75,88.14,False,Summer
1467,2022-03-03 02:00:00,4,2,75,1467,17.5,28.71,False,Winter
1468,2022-03-03 03:00:00,3,6,56,1468,9.21,11.49,False,Monsoon
1469,2022-03-03 04:00:00,2,3,66,1469,7.19,12.11,False,Autumn
1470,2022-03-03 05:00:00,4,5,84,1470,3.2,29.83,False,Summer
1471,2022-03-03 06:00:00,3,3,97,1471,9.07,61.8,True,Autumn
1472,2022-03-03 07:00:00,3,3,46,1472,10.18,80.63,True,Monsoon
1473,2022-03-03 08:00:00,3,2,40,1473,8.37,90.03,True,Summer
1474,2022-03-03 09:00:00,3,5,75,1474,13.73,62.75,True,Monsoon
1475,2022-03-03 10:00:00,4,6,70,1475,8.71,1.56,True,Winter
1476,2022-03-03 11:00:00,4,5,100,1476,19.25,19.45,True,Autumn
1477,2022-03-03 12:00:00,3,2,19,1477,12.19,10.87,False,Summer
1478,2022-03-03 13:00:00,2,5,19,1478,16.25,36.97,False,Monsoon
1479,2022-03-03 14:00:00,2,5,61,1479,2.63,50.63,False,Monsoon
1480,2022-03-03 15:00:00,4,1,40,1480,8.25,5.3,False,Winter
1481,2022-03-03 16:00:00,3,1,78,1481,7.07,35.5,False,Autumn
1482,2022-03-03 17:00:00,3,5,44,1482,11.6,18.74,False,Summer
1483,2022-03-03 18:00:00,4,1,38,1483,17.29,65.06,True,Winter
1484,2022-03-03 19:00:00,4,5,48,1484,2.03,46.96,True,Autumn
1485,2022-03-03 20:00:00,4,2,2,1485,1.92,50.04,True,Summer
1486,2022-03-03 21:00:00,1,6,67,1486,17.08,43.34,True,Monsoon
1487,2022-03-03 22:00:00,1,2,76,1487,4.65,95.65,True,Monsoon
1488,2022-03-03 23:00:00,3,3,85,1488,13.54,22.26,True,Autumn
1489,2022-03-04 00:00:00,1,2,87,1489,11.09,52.15,False,Monsoon
1490,2022-03-04 01:00:00,2,5,19,1490,16.74,73.87,False,Winter
1491,2022-03-04 02:00:00,3,1,8,1491,2.94,56.13,False,Summer
1492,2022-03-04 03:00:00,1,6,31,1492,3.03,92.97,False,Summer
1493,2022-03-04 04:00:00,3,1,65,1493,11.36,38.42,False,Winter
1494,2022-03-04 05:00:00,2,2,72,1494,18.95,46.9,False,Monsoon
1495,2022-03-04 06:00:00,2,5,7,1495,8.59,9.76,True,Summer
1496,2022-03-04 07:00:00,3,6,55,1496,6.88,61.29,True,Winter
1497,2022-03-04 08:00:00,1,4,45,1497,12.33,29.53,True,Monsoon
1498,2022-03-04 09:00:00,3,3,26,1498,18.64,16.87,True,Autumn
1499,2022-03-04 10:00:00,2,6,26,1499,16.82,54.91,True,Autumn
1500,2022-03-04 11:00:00,1,5,82,1500,19.91,53.7,True,Monsoon
1501,2022-03-04 12:00:00,1,2,26,1501,0.94,8.51,False,Autumn
1502,2022-03-04 13:00:00,4,4,9,1502,2.7,70.12,False,Autumn
1503,2022-03-04 14:00:00,3,6,44,1503,12.38,62.75,False,Winter
1504,2022-03-04 15:00:00,2,1,25,1504,16.5,19.71,False,Monsoon
1505,2022-03-04 16:00:00,2,2,86,1505,6.06,47.47,False,Monsoon
1506,2022-03-04 17:00:00,3,3,61,1506,5.16,72.31,False,Monsoon
1507,2022-03-04 18:00:00,3,4,89,1507,15.85,53.41,True,Monsoon
1508,2022-03-04 19:00:00,2,4,89,1508,1.6,40.15,True,Autumn
1509,2022-03-04 20:00:00,2,2,60,1509,7.7,32.91,True,Summer
1510,2022-03-04 21:00:00,3,5,77,1510,10.36,61.43,True,Autumn
1511,2022-03-04 22:00:00,3,2,89,1511,11.43,93.97,True,Autumn
1512,2022-03-04 23:00:00,1,4,43,1512,14.71,67.5,True,Summer
1513,2022-03-05 00:00:00,4,1,75,1513,7.42,8.4,False,Summer
1514,2022-03-05 01:00:00,2,3,73,1514,12.45,46.61,False,Autumn
1515,2022-03-05 02:00:00,1,1,43,1515,11.91,89.19,False,Monsoon
1516,2022-03-05 03:00:00,3,4,79,1516,11.18,10.35,False,Autumn
1517,2022-03-05 04:00:00,4,1,39,1517,12.99,98.9,False,Winter
1518,2022-03-05 05:00:00,2,5,54,1518,5.56,94.96,False,Winter
1519,2022-03-05 06:00:00,4,2,43,1519,2.15,8.75,True,Autumn
1520,2022-03-05 07:00:00,1,4,21,1520,2.83,93.41,True,Monsoon
1521,2022-03-05 08:00:00,3,3,14,1521,4.88,36.95,True,Winter
1522,2022-03-05 09:00:00,1,6,59,1522,10.25,84.63,True,Summer
1523,2022-03-05 10:00:00,4,3,6,1523,16.89,42.42,True,Monsoon
1524,2022-03-05 11:00:00,1,5,64,1524,14.18,44.64,True,Monsoon
1525,2022-03-05 12:00:00,1,6,29,1525,15.89,63.79,False,Monsoon
1526,2022-03-05 13:00:00,3,1,1,1526,7.34,77.67,False,Monsoon
1527,2022-03-05 14:00:00,3,1,82,1527,8.39,4.35,False,Autumn
1528,2022-03-05 15:00:00,4,3,29,1528,8.18,59.72,False,Autumn
1529,2022-03-05 16:00:00,4,4,89,1529,4.24,19.49,False,Winter
1530,2022-03-05 17:00:00,1,1,30,1530,1.69,35.25,False,Summer
1531,2022-03-05 18:00:00,2,4,60,1531,12.02,35.45,True,Summer
1532,2022-03-05 19:00:00,1,3,80,1532,19.79,47.44,True,Monsoon
1533,2022-03-05 20:00:00,4,4,28,1533,3.75,34.08,True,Autumn
1534,2022-03-05 21:00:00,1,5,31,1534,1.41,11.63,True,Autumn
1535,2022-03-05 22:00:00,3,6,62,1535,15.7,15.42,True,Winter
1536,2022-03-05 23:00:00,1,3,95,1536,5.43,4.31,True,Monsoon
1537,2022-03-06 00:00:00,3,6,99,1537,16.68,47.55,False,Autumn
1538,2022-03-06 01:00:00,2,4,43,1538,14.23,95.49,False,Summer
1539,2022-03-06 02:00:00,3,2,95,1539,18.94,12.45,False,Autumn
1540,2022-03-06 03:00:00,2,5,49,1540,8.47,94.68,False,Summer
1541,2022-03-06 04:00:00,2,4,27,1541,13.41,73.6,False,Autumn
1542,2022-03-06 05:00:00,1,3,52,1542,9.56,64.11,False,Winter
1543,2022-03-06 06:00:00,4,4,24,1543,12.8,64.88,True,Winter
1544,2022-03-06 07:00:00,4,2,1,1544,9.27,82.85,True,Autumn
1545,2022-03-06 08:00:00,1,1,47,1545,4.18,11.59,True,Summer
1546,2022-03-06 09:00:00,2,4,2,1546,10.4,50.97,True,Summer
1547,2022-03-06 10:00:00,4,6,10,1547,10.81,70.01,True,Winter
1548,2022-03-06 11:00:00,3,3,46,1548,16.31,59.1,True,Monsoon
1549,2022-03-06 12:00:00,4,2,4,1549,14.84,83.45,False,Summer
1550,2022-03-06 13:00:00,2,1,72,1550,13.44,8.15,False,Summer
1551,2022-03-06 14:00:00,2,6,15,1551,2.71,69.38,False,Autumn
1552,2022-03-06 15:00:00,3,4,19,1552,14.55,53.87,False,Autumn
1553,2022-03-06 16:00:00,1,6,38,1553,10.26,38.54,False,Monsoon
1554,2022-03-06 17:00:00,4,1,57,1554,17.93,34.69,False,Summer
1555,2022-03-06 18:00:00,1,4,25,1555,18.44,62.46,True,Autumn
1556,2022-03-06 19:00:00,4,4,81,1556,1.58,89.21,True,Monsoon
1557,2022-03-06 20:00:00,3,5,75,1557,16.5,50.12,True,Monsoon
1558,2022-03-06 21:00:00,1,6,98,1558,1.24,82.65,True,Monsoon
1559,2022-03-06 22:00:00,4,6,47,1559,7.66,40.81,True,Winter
1560,2022-03-06 23:00:00,4,1,6,1560,11.07,11.14,True,Monsoon
1561,2022-03-07 00:00:00,2,1,4,1561,3.39,7.09,False,Autumn
1562,2022-03-07 01:00:00,2,2,26,1562,15.05,6.08,False,Summer
1563,2022-03-07 02:00:00,4,4,26,1563,0.66,38.63,False,Autumn
1564,2022-03-07 03:00:00,2,4,37,1564,3.79,34.39,False,Autumn
1565,2022-03-07 04:00:00,4,6,23,1565,11.83,72.08,False,Autumn
1566,2022-03-07 05:00:00,4,5,29,1566,14.43,74.54,False,Monsoon
1567,2022-03-07 06:00:00,2,1,34,1567,18.37,6.03,True,Autumn
1568,2022-03-07 07:00:00,2,6,93,1568,14.26,22.89,True,Summer
1569,2022-03-07 08:00:00,2,2,23,1569,13.6,28.15,True,Summer
1570,2022-03-07 09:00:00,1,1,44,1570,8.19,55.21,True,Autumn
1571,2022-03-07 10:00:00,3,3,71,1571,0.53,15.31,True,Monsoon
1572,2022-03-07 11:00:00,4,2,32,1572,2.84,14.26,True,Winter
1573,2022-03-07 12:00:00,3,3,23,1573,10.92,94.44,False,Monsoon
1574,2022-03-07 13:00:00,1,2,26,1574,13.67,80.62,False,Autumn
1575,2022-03-07 14:00:00,1,5,3,1575,8.64,18.88,False,Summer
1576,2022-03-07 15:00:00,4,4,23,1576,14.75,41.25,False,Winter
1577,2022-03-07 16:00:00,4,1,34,1577,10.68,36.21,False,Autumn
1578,2022-03-07 17:00:00,3,2,13,1578,1.95,79.31,False,Autumn
1579,2022-03-07 18:00:00,3,4,3,1579,4.24,51.51,True,Autumn
1580,2022-03-07 19:00:00,2,6,87,1580,16.88,13.66,True,Autumn
1581,2022-03-07 20:00:00,3,4,18,1581,14.64,74.16,True,Summer
1582,2022-03-07 21:00:00,3,3,49,1582,17.95,40.29,True,Winter
1583,2022-03-07 22:00:00,1,6,84,1583,2.79,27.03,True,Summer
1584,2022-03-07 23:00:00,3,5,15,1584,19.81,38.17,True,Summer
1585,2022-03-08 00:00:00,2,5,44,1585,4.58,50.28,False,Winter
1586,2022-03-08 01:00:00,3,3,27,1586,0.73,34.97,False,Autumn
1587,2022-03-08 02:00:00,4,6,40,1587,19.95,24.95,False,Winter
1588,2022-03-08 03:00:00,2,4,59,1588,5.98,40.45,False,Monsoon
1589,2022-03-08 04:00:00,4,3,31,1589,13.53,2.9,False,Summer
1590,2022-03-08 05:00:00,1,4,48,1590,3.95,77.48,False,Summer
1591,2022-03-08 06:00:00,2,6,48,1591,11.81,17.92,True,Autumn
1592,2022-03-08 07:00:00,2,5,85,1592,18.13,5.35,True,Winter
1593,2022-03-08 08:00:00,3,4,22,1593,6.74,65.72,True,Monsoon
1594,2022-03-08 09:00:00,2,4,68,1594,13.57,77.62,True,Winter
1595,2022-03-08 10:00:00,1,5,80,1595,4.16,81.57,True,Autumn
1596,2022-03-08 11:00:00,1,3,56,1596,12.68,49.86,True,Summer
1597,2022-03-08 12:00:00,1,2,92,1597,7.06,21.33,False,Summer
1598,2022-03-08 13:00:00,2,4,9,1598,4.62,73.99,False,Autumn
1599,2022-03-08 14:00:00,2,1,16,1599,6.61,70.27,False,Monsoon
1600,2022-03-08 15:00:00,3,1,19,1600,3.99,25.38,False,Summer
1601,2022-03-08 16:00:00,1,3,17,1601,18.09,90.44,False,Summer
1602,2022-03-08 17:00:00,3,4,25,1602,8.25,11.33,False,Autumn
1603,2022-03-08 18:00:00,1,4,25,1603,5.28,98.29,True,Summer
1604,2022-03-08 19:00:00,3,2,69,1604,9.24,86.16,True,Monsoon
1605,2022-03-08 20:00:00,4,6,49,1605,6.75,69.1,True,Summer
1606,2022-03-08 21:00:00,4,2,89,1606,15.02,93.94,True,Monsoon
1607,2022-03-08 22:00:00,1,1,48,1607,19.44,72.51,True,Winter
1608,2022-03-08 23:00:00,3,1,41,1608,9.04,19.86,True,Winter
1609,2022-03-09 00:00:00,2,6,77,1609,17.29,44.77,False,Summer
1610,2022-03-09 01:00:00,2,1,55,1610,11.53,8.08,False,Autumn
1611,2022-03-09 02:00:00,2,1,82,1611,3.57,39.58,False,Autumn
1612,2022-03-09 03:00:00,3,4,32,1612,13.97,74.42,False,Summer
1613,2022-03-09 04:00:00,4,6,6,1613,10.51,39.26,False,Autumn
1614,2022-03-09 05:00:00,2,1,98,1614,13.19,33.7,False,Summer
1615,2022-03-09 06:00:00,1,2,79,1615,17.85,59.94,True,Summer
1616,2022-03-09 07:00:00,4,4,76,1616,9.09,87.35,True,Autumn
1617,2022-03-09 08:00:00,1,5,25,1617,18.07,5.71,True,Winter
1618,2022-03-09 09:00:00,3,6,69,1618,15.14,39.16,True,Monsoon
1619,2022-03-09 10:00:00,2,3,38,1619,10.03,16.67,True,Summer
1620,2022-03-09 11:00:00,1,2,20,1620,12.26,69.84,True,Summer
1621,2022-03-09 12:00:00,3,3,42,1621,6.85,11.47,False,Autumn
1622,2022-03-09 13:00:00,2,5,32,1622,19.68,66.82,False,Winter
1623,2022-03-09 14:00:00,3,5,7,1623,13.51,29.33,False,Winter
1624,2022-03-09 15:00:00,1,1,81,1624,1.36,20.69,False,Winter
1625,2022-03-09 16:00:00,4,1,36,1625,6.87,93.7,False,Autumn
1626,2022-03-09 17:00:00,1,6,17,1626,12.65,2.83,False,Autumn
1627,2022-03-09 18:00:00,1,5,66,1627,1.6,44.34,True,Autumn
1628,2022-03-09 19:00:00,4,4,75,1628,0.97,3.14,True,Winter
1629,2022-03-09 20:00:00,3,4,63,1629,9.28,48.88,True,Autumn
1630,2022-03-09 21:00:00,3,2,27,1630,6.99,50.6,True,Monsoon
1631,2022-03-09 22:00:00,1,3,94,1631,9.05,32.84,True,Winter
1632,2022-03-09 23:00:00,1,6,11,1632,5.62,14.08,True,Winter
1633,2022-03-10 00:00:00,3,4,61,1633,3.71,38.26,False,Autumn
1634,2022-03-10 01:00:00,4,4,85,1634,13.94,67.55,False,Autumn
1635,2022-03-10 02:00:00,2,5,79,1635,10.53,78.46,False,Winter
1636,2022-03-10 03:00:00,4,3,9,1636,4.4,53.54,False,Monsoon
1637,2022-03-10 04:00:00,1,5,22,1637,6.73,59.39,False,Autumn
1638,2022-03-10 05:00:00,3,3,66,1638,12.04,20.86,False,Winter
1639,2022-03-10 06:00:00,4,5,50,1639,1.91,29.45,True,Monsoon
1640,2022-03-10 07:00:00,1,5,97,1640,3.38,17.03,True,Autumn
1641,2022-03-10 08:00:00,2,1,83,1641,1.93,25.68,True,Autumn
1642,2022-03-10 09:00:00,2,1,97,1642,16.34,23.26,True,Autumn
1643,2022-03-10 10:00:00,4,4,66,1643,15.17,52.43,True,Winter
1644,2022-03-10 11:00:00,1,1,48,1644,15.19,56.71,True,Winter
1645,2022-03-10 12:00:00,1,4,64,1645,14.47,94.55,False,Summer
1646,2022-03-10 13:00:00,2,4,67,1646,13.55,20.36,False,Monsoon
1647,2022-03-10 14:00:00,3,3,60,1647,9.8,64.53,False,Winter
1648,2022-03-10 15:00:00,3,4,23,1648,13.02,81.91,False,Summer
1649,2022-03-10 16:00:00,4,4,42,1649,1.25,56.46,False,Monsoon
1650,2022-03-10 17:00:00,4,4,92,1650,12.62,26.25,False,Autumn
1651,2022-03-10 18:00:00,2,1,48,1651,15.67,26.99,True,Monsoon
1652,2022-03-10 19:00:00,1,1,68,1652,10.26,4.89,True,Summer
1653,2022-03-10 20:00:00,3,2,89,1653,7.47,31.24,True,Summer
1654,2022-03-10 21:00:00,3,5,62,1654,5.91,74.72,True,Autumn
1655,2022-03-10 22:00:00,3,6,92,1655,13.03,5.7,True,Summer
1656,2022-03-10 23:00:00,3,3,64,1656,14.01,22.71,True,Monsoon
1657,2022-03-11 00:00:00,2,6,61,1657,17.48,70.92,False,Winter
1658,2022-03-11 01:00:00,3,2,35,1658,7.18,78.48,False,Monsoon
1659,2022-03-11 02:00:00,1,4,75,1659,15.51,46.08,False,Winter
1660,2022-03-11 03:00:00,3,4,52,1660,11.45,70.11,False,Autumn
1661,2022-03-11 04:00:00,4,2,82,1661,17.72,39.41,False,Autumn
1662,2022-03-11 05:00:00,1,3,75,1662,10.79,16.83,False,Summer
1663,2022-03-11 06:00:00,3,6,84,1663,10.59,40.42,True,Monsoon
1664,2022-03-11 07:00:00,2,4,5,1664,11.77,58.42,True,Monsoon
1665,2022-03-11 08:00:00,2,4,27,1665,15.11,94.86,True,Monsoon
1666,2022-03-11 09:00:00,3,1,29,1666,19.31,7.81,True,Autumn
1667,2022-03-11 10:00:00,4,5,26,1667,1.93,51.23,True,Monsoon
1668,2022-03-11 11:00:00,2,6,58,1668,1.54,33.56,True,Autumn
1669,2022-03-11 12:00:00,1,4,31,1669,18.78,51.32,False,Monsoon
1670,2022-03-11 13:00:00,4,6,51,1670,10.83,3.37,False,Monsoon
1671,2022-03-11 14:00:00,2,5,28,1671,12.49,31.99,False,Winter
1672,2022-03-11 15:00:00,4,6,40,1672,9.91,82.17,False,Summer
1673,2022-03-11 16:00:00,2,5,55,1673,2.33,55.84,False,Summer
1674,2022-03-11 17:00:00,2,5,49,1674,15.48,45.61,False,Monsoon
1675,2022-03-11 18:00:00,4,4,74,1675,15.07,29.27,True,Winter
1676,2022-03-11 19:00:00,3,4,21,1676,6.58,30.51,True,Summer
1677,2022-03-11 20:00:00,3,5,48,1677,6.47,38.93,True,Monsoon
1678,2022-03-11 21:00:00,4,2,33,1678,16.84,83.72,True,Monsoon
1679,2022-03-11 22:00:00,2,5,71,1679,1.91,96.75,True,Monsoon
1680,2022-03-11 23:00:00,2,1,11,1680,17.68,44.43,True,Monsoon
1681,2022-03-12 00:00:00,2,4,18,1681,5.5,39.94,False,Summer
1682,2022-03-12 01:00:00,2,3,97,1682,12.06,84.81,False,Monsoon
1683,2022-03-12 02:00:00,2,4,11,1683,18.75,43.26,False,Autumn
1684,2022-03-12 03:00:00,3,5,38,1684,13.72,55.65,False,Autumn
1685,2022-03-12 04:00:00,2,4,57,1685,8.58,23.86,False,Monsoon
1686,2022-03-12 05:00:00,4,5,67,1686,13.95,74.61,False,Summer
1687,2022-03-12 06:00:00,2,6,46,1687,7.21,53.67,True,Summer
1688,2022-03-12 07:00:00,2,3,30,1688,5.91,81.09,True,Summer
1689,2022-03-12 08:00:00,3,3,75,1689,19.94,78.29,True,Monsoon
1690,2022-03-12 09:00:00,1,3,6,1690,15.14,22.29,True,Autumn
1691,2022-03-12 10:00:00,1,1,60,1691,13.07,71.85,True,Monsoon
1692,2022-03-12 11:00:00,2,1,66,1692,7.43,80.21,True,Summer
1693,2022-03-12 12:00:00,3,5,80,1693,1.46,35.26,False,Winter
1694,2022-03-12 13:00:00,2,1,44,1694,1.11,18.09,False,Summer
1695,2022-03-12 14:00:00,1,2,55,1695,11.31,1.26,False,Monsoon
1696,2022-03-12 15:00:00,3,3,58,1696,15.36,45.64,False,Summer
1697,2022-03-12 16:00:00,4,3,60,1697,10.98,35.89,False,Winter
1698,2022-03-12 17:00:00,4,6,56,1698,16.9,55.94,False,Monsoon
1699,2022-03-12 18:00:00,3,5,53,1699,1.15,19.62,True,Monsoon
1700,2022-03-12 19:00:00,4,1,48,1700,7.65,86.11,True,Autumn
1701,2022-03-12 20:00:00,3,6,64,1701,5.12,26.52,True,Autumn
1702,2022-03-12 21:00:00,2,3,41,1702,9.22,23.42,True,Summer
1703,2022-03-12 22:00:00,2,4,35,1703,1.91,48.59,True,Monsoon
1704,2022-03-12 23:00:00,1,1,49,1704,19.11,50.39,True,Summer
1705,2022-03-13 00:00:00,2,4,4,1705,4.85,22.29,False,Monsoon
1706,2022-03-13 01:00:00,2,3,23,1706,18.49,27.91,False,Monsoon
1707,2022-03-13 02:00:00,1,3,57,1707,8.8,17.8,False,Autumn
1708,2022-03-13 03:00:00,3,4,30,1708,19.72,72.13,False,Autumn
1709,2022-03-13 04:00:00,2,3,34,1709,11.3,77.24,False,Summer
1710,2022-03-13 05:00:00,2,1,83,1710,18.65,46.77,False,Autumn
1711,2022-03-13 06:00:00,2,6,10,1711,0.6,71.69,True,Summer
1712,2022-03-13 07:00:00,1,2,46,1712,15.09,73.86,True,Autumn
1713,2022-03-13 08:00:00,3,2,11,1713,18.11,14.69,True,Autumn
1714,2022-03-13 09:00:00,1,2,38,1714,3.22,96.65,True,Winter
1715,2022-03-13 10:00:00,4,6,65,1715,2.37,82.28,True,Winter
1716,2022-03-13 11:00:00,2,3,66,1716,8.78,21.24,True,Monsoon
1717,2022-03-13 12:00:00,4,5,70,1717,18.71,19.43,False,Summer
1718,2022-03-13 13:00:00,3,1,83,1718,11.08,13.44,False,Monsoon
1719,2022-03-13 14:00:00,2,6,11,1719,10.79,14.7,False,Summer
1720,2022-03-13 15:00:00,4,1,36,1720,3.25,75.07,False,Summer
1721,2022-03-13 16:00:00,4,3,30,1721,0.52,47.5,False,Summer
1722,2022-03-13 17:00:00,4,1,13,1722,16.3,78.51,False,Monsoon
1723,2022-03-13 18:00:00,2,3,16,1723,2.21,74.88,True,Winter
1724,2022-03-13 19:00:00,2,2,10,1724,12.86,60.86,True,Summer
1725,2022-03-13 20:00:00,2,1,47,1725,18.34,68.95,True,Monsoon
1726,2022-03-13 21:00:00,2,5,5,1726,4.57,2.82,True,Autumn
1727,2022-03-13 22:00:00,1,3,70,1727,13.47,31.87,True,Autumn
1728,2022-03-13 23:00:00,4,1,26,1728,2.03,64.14,True,Winter
1729,2022-03-14 00:00:00,1,4,43,1729,12.27,1.93,False,Summer
1730,2022-03-14 01:00:00,3,6,26,1730,3.7,4.26,False,Summer
1731,2022-03-14 02:00:00,4,4,87,1731,14.85,85.34,False,Monsoon
1732,2022-03-14 03:00:00,2,5,43,1732,6.37,68.72,False,Winter
1733,2022-03-14 04:00:00,2,5,33,1733,9.54,27.27,False,Autumn
1734,2022-03-14 05:00:00,2,4,39,1734,12.19,69.11,False,Winter
1735,2022-03-14 06:00:00,1,3,96,1735,3.84,79.45,True,Monsoon
1736,2022-03-14 07:00:00,2,1,99,1736,14.96,31.37,True,Winter
1737,2022-03-14 08:00:00,4,6,88,1737,6.4,4.57,True,Monsoon
1738,2022-03-14 09:00:00,4,4,36,1738,13.42,93.35,True,Winter
1739,2022-03-14 10:00:00,3,5,25,1739,3.59,35.17,True,Winter
1740,2022-03-14 11:00:00,4,1,91,1740,13.92,11.54,True,Autumn
1741,2022-03-14 12:00:00,2,3,78,1741,3.0,49.69,False,Summer
1742,2022-03-14 13:00:00,4,4,18,1742,8.79,77.08,False,Summer
1743,2022-03-14 14:00:00,4,5,97,1743,5.32,22.94,False,Monsoon
1744,2022-03-14 15:00:00,1,4,92,1744,15.09,27.68,False,Summer
1745,2022-03-14 16:00:00,4,3,95,1745,5.61,25.03,False,Summer
1746,2022-03-14 17:00:00,3,5,70,1746,17.69,99.18,False,Summer
1747,2022-03-14 18:00:00,4,1,34,1747,17.89,20.54,True,Autumn
1748,2022-03-14 19:00:00,1,4,2,1748,4.33,57.98,True,Summer
1749,2022-03-14 20:00:00,1,1,99,1749,12.47,92.6,True,Winter
1750,2022-03-14 21:00:00,4,6,39,1750,2.21,15.54,True,Monsoon
1751,2022-03-14 22:00:00,4,6,37,1751,8.13,97.11,True,Monsoon
1752,2022-03-14 23:00:00,1,2,45,1752,14.41,94.8,True,Winter
1753,2022-03-15 00:00:00,2,3,52,1753,13.36,88.57,False,Summer
1754,2022-03-15 01:00:00,4,4,52,1754,12.68,22.24,False,Winter
1755,2022-03-15 02:00:00,1,5,75,1755,6.01,63.77,False,Summer
1756,2022-03-15 03:00:00,4,6,97,1756,7.87,76.33,False,Monsoon
1757,2022-03-15 04:00:00,1,3,84,1757,2.51,98.62,False,Winter
1758,2022-03-15 05:00:00,2,2,2,1758,14.52,18.86,False,Summer
1759,2022-03-15 06:00:00,3,5,61,1759,10.33,76.84,True,Summer
1760,2022-03-15 07:00:00,4,3,84,1760,14.32,34.54,True,Summer
1761,2022-03-15 08:00:00,4,3,66,1761,5.35,18.39,True,Autumn
1762,2022-03-15 09:00:00,3,4,98,1762,6.83,42.72,True,Autumn
1763,2022-03-15 10:00:00,3,2,20,1763,7.02,79.59,True,Winter
1764,2022-03-15 11:00:00,4,4,51,1764,1.0,47.02,True,Winter
1765,2022-03-15 12:00:00,2,6,30,1765,7.15,54.21,False,Monsoon
1766,2022-03-15 13:00:00,4,1,30,1766,16.16,99.52,False,Winter
1767,2022-03-15 14:00:00,3,5,93,1767,18.0,40.51,False,Summer
1768,2022-03-15 15:00:00,1,2,96,1768,10.61,61.92,False,Autumn
1769,2022-03-15 16:00:00,2,3,27,1769,9.38,37.16,False,Winter
1770,2022-03-15 17:00:00,4,3,61,1770,1.1,39.89,False,Autumn
1771,2022-03-15 18:00:00,4,1,30,1771,17.64,69.87,True,Winter
1772,2022-03-15 19:00:00,1,3,67,1772,0.75,93.85,True,Autumn
1773,2022-03-15 20:00:00,1,5,76,1773,18.92,54.69,True,Summer
1774,2022-03-15 21:00:00,2,4,71,1774,10.04,77.07,True,Winter
1775,2022-03-15 22:00:00,2,2,97,1775,7.17,9.83,True,Summer
1776,2022-03-15 23:00:00,4,5,60,1776,18.52,21.9,True,Autumn
1777,2022-03-16 00:00:00,4,6,93,1777,0.98,50.71,False,Monsoon
1778,2022-03-16 01:00:00,3,1,60,1778,11.84,2.98,False,Winter
1779,2022-03-16 02:00:00,4,6,44,1779,11.2,26.03,False,Autumn
1780,2022-03-16 03:00:00,1,5,11,1780,4.78,52.22,False,Winter
1781,2022-03-16 04:00:00,2,1,41,1781,8.86,2.48,False,Autumn
1782,2022-03-16 05:00:00,4,5,25,1782,13.22,27.19,False,Summer
1783,2022-03-16 06:00:00,2,3,55,1783,14.68,51.89,True,Autumn
1784,2022-03-16 07:00:00,4,3,99,1784,0.51,57.74,True,Winter
1785,2022-03-16 08:00:00,1,1,90,1785,18.77,92.65,True,Monsoon
1786,2022-03-16 09:00:00,3,5,54,1786,3.71,64.89,True,Autumn
1787,2022-03-16 10:00:00,3,5,27,1787,5.05,42.06,True,Monsoon
1788,2022-03-16 11:00:00,2,4,57,1788,5.64,93.1,True,Autumn
1789,2022-03-16 12:00:00,1,4,58,1789,1.24,78.7,False,Summer
1790,2022-03-16 13:00:00,1,2,72,1790,2.9,20.8,False,Monsoon
1791,2022-03-16 14:00:00,1,3,4,1791,19.73,13.95,False,Autumn
1792,2022-03-16 15:00:00,4,1,48,1792,6.65,67.91,False,Monsoon
1793,2022-03-16 16:00:00,3,6,18,1793,2.75,56.43,False,Monsoon
1794,2022-03-16 17:00:00,1,3,74,1794,2.59,79.18,False,Monsoon
1795,2022-03-16 18:00:00,4,5,17,1795,14.53,74.14,True,Summer
1796,2022-03-16 19:00:00,2,3,40,1796,17.16,62.9,True,Monsoon
1797,2022-03-16 20:00:00,4,4,95,1797,5.51,98.65,True,Monsoon
1798,2022-03-16 21:00:00,4,6,2,1798,0.91,53.83,True,Monsoon
1799,2022-03-16 22:00:00,1,5,64,1799,4.85,12.2,True,Autumn
1800,2022-03-16 23:00:00,2,3,85,1800,1.6,83.0,True,Winter
1801,2022-03-17 00:00:00,3,2,46,1801,2.52,25.93,False,Summer
1802,2022-03-17 01:00:00,2,4,44,1802,8.91,77.95,False,Autumn
1803,2022-03-17 02:00:00,2,4,29,1803,4.98,95.75,False,Winter
1804,2022-03-17 03:00:00,2,3,54,1804,10.56,69.98,False,Monsoon
1805,2022-03-17 04:00:00,2,5,55,1805,5.44,60.01,False,Autumn
1806,2022-03-17 05:00:00,1,5,88,1806,18.84,46.58,False,Autumn
1807,2022-03-17 06:00:00,4,4,97,1807,18.17,37.08,True,Summer
1808,2022-03-17 07:00:00,3,6,52,1808,11.55,35.95,True,Summer
1809,2022-03-17 08:00:00,3,5,98,1809,7.41,64.0,True,Winter
1810,2022-03-17 09:00:00,4,2,100,1810,7.93,75.38,True,Autumn
1811,2022-03-17 10:00:00,3,1,89,1811,8.53,68.17,True,Monsoon
1812,2022-03-17 11:00:00,2,6,69,1812,14.69,20.64,True,Winter
1813,2022-03-17 12:00:00,1,6,39,1813,9.31,49.9,False,Autumn
1814,2022-03-17 13:00:00,2,5,42,1814,17.21,79.37,False,Monsoon
1815,2022-03-17 14:00:00,2,2,76,1815,18.91,48.09,False,Summer
1816,2022-03-17 15:00:00,1,5,3,1816,7.05,54.13,False,Summer
1817,2022-03-17 16:00:00,3,4,73,1817,11.43,77.34,False,Winter
1818,2022-03-17 17:00:00,1,2,5,1818,2.35,66.47,False,Summer
1819,2022-03-17 18:00:00,4,6,18,1819,4.41,41.53,True,Summer
1820,2022-03-17 19:00:00,4,6,20,1820,8.56,89.65,True,Monsoon
1821,2022-03-17 20:00:00,4,4,43,1821,4.52,17.09,True,Monsoon
1822,2022-03-17 21:00:00,1,3,73,1822,17.59,99.56,True,Monsoon
1823,2022-03-17 22:00:00,4,6,81,1823,3.59,12.77,True,Autumn
1824,2022-03-17 23:00:00,2,5,78,1824,9.39,2.48,True,Winter
1825,2022-03-18 00:00:00,2,5,78,1825,12.31,89.11,False,Monsoon
1826,2022-03-18 01:00:00,4,4,74,1826,13.99,25.25,False,Summer
1827,2022-03-18 02:00:00,4,5,51,1827,7.97,73.24,False,Summer
1828,2022-03-18 03:00:00,4,6,49,1828,17.45,81.29,False,Monsoon
1829,2022-03-18 04:00:00,4,6,27,1829,11.58,86.04,False,Summer
1830,2022-03-18 05:00:00,1,1,51,1830,9.07,99.17,False,Summer
1831,2022-03-18 06:00:00,1,5,9,1831,1.81,30.11,True,Autumn
1832,2022-03-18 07:00:00,2,2,69,1832,9.56,71.31,True,Summer
1833,2022-03-18 08:00:00,3,3,50,1833,16.5,12.42,True,Summer
1834,2022-03-18 09:00:00,2,4,25,1834,12.48,41.27,True,Summer
1835,2022-03-18 10:00:00,1,2,61,1835,16.73,84.95,True,Monsoon
1836,2022-03-18 11:00:00,2,2,14,1836,10.13,37.4,True,Autumn
1837,2022-03-18 12:00:00,2,2,43,1837,2.81,59.52,False,Autumn
1838,2022-03-18 13:00:00,1,6,73,1838,0.77,50.87,False,Monsoon
1839,2022-03-18 14:00:00,3,6,58,1839,6.41,64.95,False,Summer
1840,2022-03-18 15:00:00,1,3,82,1840,14.11,97.32,False,Monsoon
1841,2022-03-18 16:00:00,2,4,39,1841,15.91,6.52,False,Autumn
1842,2022-03-18 17:00:00,1,4,12,1842,6.27,57.82,False,Monsoon
1843,2022-03-18 18:00:00,3,3,22,1843,10.17,86.44,True,Monsoon
1844,2022-03-18 19:00:00,3,1,14,1844,8.71,48.66,True,Summer
1845,2022-03-18 20:00:00,1,6,87,1845,8.51,8.77,True,Monsoon
1846,2022-03-18 21:00:00,1,2,71,1846,5.01,56.49,True,Monsoon
1847,2022-03-18 22:00:00,1,4,23,1847,3.16,33.88,True,Monsoon
1848,2022-03-18 23:00:00,4,3,5,1848,4.34,16.34,True,Monsoon
1849,2022-03-19 00:00:00,2,3,89,1849,1.58,85.05,False,Autumn
1850,2022-03-19 01:00:00,2,6,78,1850,4.36,52.64,False,Monsoon
1851,2022-03-19 02:00:00,3,2,63,1851,0.68,93.39,False,Autumn
1852,2022-03-19 03:00:00,2,3,4,1852,12.73,80.8,False,Autumn
1853,2022-03-19 04:00:00,4,6,24,1853,6.67,69.6,False,Autumn
1854,2022-03-19 05:00:00,3,5,26,1854,19.48,1.5,False,Winter
1855,2022-03-19 06:00:00,1,2,9,1855,4.28,43.35,True,Autumn
1856,2022-03-19 07:00:00,1,4,50,1856,7.24,20.55,True,Winter
1857,2022-03-19 08:00:00,3,2,37,1857,7.48,91.17,True,Autumn
1858,2022-03-19 09:00:00,3,1,27,1858,0.66,18.28,True,Monsoon
1859,2022-03-19 10:00:00,3,2,30,1859,16.86,29.32,True,Summer
1860,2022-03-19 11:00:00,4,2,38,1860,1.12,52.17,True,Autumn
1861,2022-03-19 12:00:00,1,1,85,1861,18.83,27.07,False,Monsoon
1862,2022-03-19 13:00:00,4,2,68,1862,17.9,21.78,False,Winter
1863,2022-03-19 14:00:00,1,3,9,1863,10.94,60.31,False,Summer
1864,2022-03-19 15:00:00,3,4,59,1864,11.1,9.8,False,Summer
1865,2022-03-19 16:00:00,4,4,8,1865,13.25,6.76,False,Monsoon
1866,2022-03-19 17:00:00,2,5,48,1866,8.05,37.85,False,Monsoon
1867,2022-03-19 18:00:00,1,4,67,1867,13.12,72.35,True,Monsoon
1868,2022-03-19 19:00:00,3,4,2,1868,1.37,55.93,True,Winter
1869,2022-03-19 20:00:00,3,6,22,1869,1.55,42.86,True,Monsoon
1870,2022-03-19 21:00:00,4,1,42,1870,9.42,57.01,True,Autumn
1871,2022-03-19 22:00:00,2,2,53,1871,11.22,37.18,True,Autumn
1872,2022-03-19 23:00:00,2,2,51,1872,17.81,93.68,True,Monsoon
1873,2022-03-20 00:00:00,1,3,21,1873,2.54,6.44,False,Summer
1874,2022-03-20 01:00:00,1,2,15,1874,16.54,67.67,False,Summer
1875,2022-03-20 02:00:00,1,1,17,1875,4.6,89.24,False,Autumn
1876,2022-03-20 03:00:00,4,3,69,1876,8.18,80.58,False,Monsoon
1877,2022-03-20 04:00:00,3,3,54,1877,6.67,19.22,False,Winter
1878,2022-03-20 05:00:00,4,6,62,1878,8.3,30.3,False,Winter
1879,2022-03-20 06:00:00,3,5,96,1879,3.43,71.99,True,Summer
1880,2022-03-20 07:00:00,3,2,9,1880,10.32,9.34,True,Summer
1881,2022-03-20 08:00:00,3,6,50,1881,16.13,81.37,True,Monsoon
1882,2022-03-20 09:00:00,2,1,27,1882,9.11,72.17,True,Autumn
1883,2022-03-20 10:00:00,4,6,17,1883,10.07,73.23,True,Autumn
1884,2022-03-20 11:00:00,4,4,27,1884,17.05,10.92,True,Winter
1885,2022-03-20 12:00:00,4,1,40,1885,14.27,72.06,False,Autumn
1886,2022-03-20 13:00:00,2,1,56,1886,10.06,68.3,False,Autumn
1887,2022-03-20 14:00:00,2,1,91,1887,5.53,83.26,False,Summer
1888,2022-03-20 15:00:00,3,3,86,1888,17.76,5.12,False,Monsoon
1889,2022-03-20 16:00:00,2,5,61,1889,11.75,3.29,False,Autumn
1890,2022-03-20 17:00:00,1,3,21,1890,4.81,37.93,False,Winter
1891,2022-03-20 18:00:00,1,1,78,1891,5.75,15.73,True,Winter
1892,2022-03-20 19:00:00,1,4,74,1892,16.16,56.28,True,Winter
1893,2022-03-20 20:00:00,4,3,40,1893,1.36,91.82,True,Monsoon
1894,2022-03-20 21:00:00,1,6,76,1894,19.85,39.76,True,Monsoon
1895,2022-03-20 22:00:00,2,6,26,1895,3.04,84.65,True,Monsoon
1896,2022-03-20 23:00:00,4,1,65,1896,16.02,1.02,True,Autumn
1897,2022-03-21 00:00:00,4,4,92,1897,8.2,17.68,False,Monsoon
1898,2022-03-21 01:00:00,1,6,88,1898,10.1,4.01,False,Winter
1899,2022-03-21 02:00:00,3,2,59,1899,17.67,33.49,False,Autumn
1900,2022-03-21 03:00:00,3,2,36,1900,8.55,90.91,False,Summer
1901,2022-03-21 04:00:00,2,1,26,1901,10.98,10.6,False,Winter
1902,2022-03-21 05:00:00,1,5,1,1902,1.46,61.03,False,Monsoon
1903,2022-03-21 06:00:00,2,6,19,1903,0.55,45.7,True,Autumn
1904,2022-03-21 07:00:00,3,5,58,1904,5.27,93.91,True,Summer
1905,2022-03-21 08:00:00,3,1,9,1905,13.77,13.13,True,Summer
1906,2022-03-21 09:00:00,1,5,52,1906,2.86,21.99,True,Monsoon
1907,2022-03-21 10:00:00,3,6,78,1907,2.72,3.92,True,Summer
1908,2022-03-21 11:00:00,3,5,32,1908,8.51,43.96,True,Winter
1909,2022-03-21 12:00:00,3,5,68,1909,13.13,28.51,False,Autumn
1910,2022-03-21 13:00:00,1,3,43,1910,14.39,87.12,False,Summer
1911,2022-03-21 14:00:00,1,4,73,1911,3.98,60.89,False,Monsoon
1912,2022-03-21 15:00:00,3,1,63,1912,2.05,61.79,False,Monsoon
1913,2022-03-21 16:00:00,3,2,59,1913,18.84,53.66,False,Monsoon
1914,2022-03-21 17:00:00,4,5,60,1914,5.58,10.09,False,Winter
1915,2022-03-21 18:00:00,1,1,74,1915,17.14,45.06,True,Summer
1916,2022-03-21 19:00:00,2,3,6,1916,17.34,99.95,True,Winter
1917,2022-03-21 20:00:00,2,3,95,1917,15.56,83.69,True,Monsoon
1918,2022-03-21 21:00:00,3,5,12,1918,3.79,89.45,True,Monsoon
1919,2022-03-21 22:00:00,3,6,37,1919,16.53,82.5,True,Autumn
1920,2022-03-21 23:00:00,4,4,83,1920,15.5,11.2,True,Summer
1921,2022-03-22 00:00:00,4,6,59,1921,12.14,23.52,False,Summer
1922,2022-03-22 01:00:00,1,6,45,1922,7.08,1.31,False,Monsoon
1923,2022-03-22 02:00:00,2,2,90,1923,5.62,31.05,False,Autumn
1924,2022-03-22 03:00:00,4,4,92,1924,2.88,11.75,False,Summer
1925,2022-03-22 04:00:00,2,2,39,1925,10.44,47.81,False,Autumn
1926,2022-03-22 05:00:00,4,2,51,1926,11.91,68.04,False,Monsoon
1927,2022-03-22 06:00:00,3,1,79,1927,7.51,87.58,True,Monsoon
1928,2022-03-22 07:00:00,4,2,23,1928,9.77,75.17,True,Summer
1929,2022-03-22 08:00:00,4,2,54,1929,7.59,93.92,True,Monsoon
1930,2022-03-22 09:00:00,1,3,32,1930,13.0,6.34,True,Monsoon
1931,2022-03-22 10:00:00,3,4,23,1931,18.07,2.21,True,Winter
1932,2022-03-22 11:00:00,3,4,80,1932,3.7,66.47,True,Summer
1933,2022-03-22 12:00:00,1,3,94,1933,7.94,29.65,False,Winter
1934,2022-03-22 13:00:00,2,5,56,1934,3.25,26.1,False,Autumn
1935,2022-03-22 14:00:00,3,1,59,1935,12.69,33.76,False,Autumn
1936,2022-03-22 15:00:00,3,4,50,1936,14.71,27.71,False,Autumn
1937,2022-03-22 16:00:00,1,5,85,1937,18.67,51.63,False,Autumn
1938,2022-03-22 17:00:00,2,3,24,1938,5.94,44.57,False,Winter
1939,2022-03-22 18:00:00,3,6,90,1939,19.03,51.73,True,Winter
1940,2022-03-22 19:00:00,1,1,73,1940,1.73,67.6,True,Monsoon
1941,2022-03-22 20:00:00,3,3,13,1941,12.26,39.33,True,Winter
1942,2022-03-22 21:00:00,4,5,51,1942,1.61,25.88,True,Autumn
1943,2022-03-22 22:00:00,2,4,90,1943,17.93,17.45,True,Winter
1944,2022-03-22 23:00:00,4,4,6,1944,10.83,35.6,True,Monsoon
1945,2022-03-23 00:00:00,2,6,31,1945,13.55,74.44,False,Autumn
1946,2022-03-23 01:00:00,1,2,21,1946,16.72,75.91,False,Monsoon
1947,2022-03-23 02:00:00,3,3,36,1947,3.43,67.02,False,Monsoon
1948,2022-03-23 03:00:00,3,2,81,1948,1.25,24.17,False,Winter
1949,2022-03-23 04:00:00,1,3,69,1949,17.64,59.22,False,Winter
1950,2022-03-23 05:00:00,3,4,38,1950,6.64,57.5,False,Winter
1951,2022-03-23 06:00:00,4,6,86,1951,3.02,48.94,True,Winter
1952,2022-03-23 07:00:00,1,3,9,1952,9.63,55.45,True,Summer
1953,2022-03-23 08:00:00,4,3,90,1953,12.17,49.69,True,Winter
1954,2022-03-23 09:00:00,2,1,93,1954,1.1,56.98,True,Autumn
1955,2022-03-23 10:00:00,3,6,93,1955,5.86,71.84,True,Summer
1956,2022-03-23 11:00:00,4,5,28,1956,1.14,11.85,True,Winter
1957,2022-03-23 12:00:00,3,1,64,1957,8.7,75.21,False,Autumn
1958,2022-03-23 13:00:00,2,6,53,1958,17.95,14.45,False,Monsoon
1959,2022-03-23 14:00:00,3,6,98,1959,19.66,7.6,False,Autumn
1960,2022-03-23 15:00:00,2,1,71,1960,12.92,97.63,False,Autumn
1961,2022-03-23 16:00:00,1,6,16,1961,3.65,95.74,False,Summer
1962,2022-03-23 17:00:00,3,6,48,1962,18.16,6.98,False,Monsoon
1963,2022-03-23 18:00:00,1,2,10,1963,10.57,44.88,True,Winter
1964,2022-03-23 19:00:00,2,3,97,1964,3.5,19.44,True,Summer
1965,2022-03-23 20:00:00,1,5,14,1965,18.47,49.05,True,Monsoon
1966,2022-03-23 21:00:00,4,4,65,1966,15.27,83.19,True,Autumn
1967,2022-03-23 22:00:00,1,3,99,1967,14.77,95.11,True,Autumn
1968,2022-03-23 23:00:00,4,6,100,1968,14.33,63.79,True,Winter
1969,2022-03-24 00:00:00,2,6,42,1969,4.41,36.04,False,Autumn
1970,2022-03-24 01:00:00,2,3,53,1970,4.61,60.73,False,Monsoon
1971,2022-03-24 02:00:00,3,6,58,1971,13.92,31.89,False,Winter
1972,2022-03-24 03:00:00,4,1,22,1972,4.78,91.07,False,Autumn
1973,2022-03-24 04:00:00,3,5,33,1973,9.05,87.17,False,Winter
1974,2022-03-24 05:00:00,3,2,27,1974,15.75,56.26,False,Winter
1975,2022-03-24 06:00:00,2,4,65,1975,15.79,33.16,True,Summer
1976,2022-03-24 07:00:00,1,4,6,1976,9.34,30.05,True,Monsoon
1977,2022-03-24 08:00:00,2,1,60,1977,15.95,4.31,True,Autumn
1978,2022-03-24 09:00:00,2,4,4,1978,16.85,81.77,True,Summer
1979,2022-03-24 10:00:00,1,3,10,1979,13.27,45.59,True,Monsoon
1980,2022-03-24 11:00:00,4,3,82,1980,4.95,33.19,True,Summer
1981,2022-03-24 12:00:00,4,1,89,1981,5.84,47.64,False,Monsoon
1982,2022-03-24 13:00:00,1,2,87,1982,6.64,82.06,False,Autumn
1983,2022-03-24 14:00:00,1,3,96,1983,2.78,13.34,False,Summer
1984,2022-03-24 15:00:00,3,2,60,1984,5.83,85.91,False,Monsoon
1985,2022-03-24 16:00:00,1,2,49,1985,4.59,89.85,False,Summer
1986,2022-03-24 17:00:00,1,4,44,1986,9.38,94.72,False,Summer
1987,2022-03-24 18:00:00,3,6,96,1987,18.21,40.35,True,Summer
1988,2022-03-24 19:00:00,4,3,52,1988,2.54,22.5,True,Summer
1989,2022-03-24 20:00:00,1,6,25,1989,14.55,37.99,True,Monsoon
1990,2022-03-24 21:00:00,1,4,51,1990,13.9,33.96,True,Summer
1991,2022-03-24 22:00:00,3,1,5,1991,2.37,18.44,True,Winter
1992,2022-03-24 23:00:00,1,3,2,1992,18.49,61.12,True,Winter
1993,2022-03-25 00:00:00,3,1,33,1993,11.59,48.19,False,Winter
1994,2022-03-25 01:00:00,2,4,15,1994,7.59,86.7,False,Summer
1995,2022-03-25 02:00:00,3,4,91,1995,15.25,4.18,False,Monsoon
1996,2022-03-25 03:00:00,2,6,18,1996,5.52,64.74,False,Winter
1997,2022-03-25 04:00:00,2,4,42,1997,14.02,76.53,False,Monsoon
1998,2022-03-25 05:00:00,3,3,86,1998,1.27,76.19,False,Monsoon
1999,2022-03-25 06:00:00,3,6,96,1999,16.87,88.72,True,Summer
2000,2022-03-25 07:00:00,3,4,60,2000,9.24,73.17,True,Summer
94,2022-01-04 21:00:00,3,4,56,94,3.98,60.83,True,Monsoon
456,2022-01-19 23:00:00,3,6,3,456,1.88,52.5,True,Winter
1530,2022-03-05 17:00:00,1,1,30,1530,1.69,35.25,False,Summer
1408,2022-02-28 15:00:00,2,3,14,1408,14.43,52.23,False,Autumn
88,2022-01-04 15:00:00,4,4,22,88,17.55,58.89,False,Winter
