WeatherID,Timestamp,LocationID,Temperature,Humidity,WeatherCondition,WindSpeed
1,2022-01-01 00:00:00,1,39.13549242801476,92.51499626755287,Cloudy,13.94327384275961
2,2022-01-01 01:00:00,2,17.431868873739667,31.139629689407613,Cloudy,3.8687068591296514
3,2022-01-01 02:00:00,5,16.36387385224852,62.593654582017365,Sunny,12.830089625125034
4,2022-01-01 03:00:00,1,16.419157844870185,52.887648208056525,Cloudy,5.196562758805989
5,2022-01-01 04:00:00,1,20.64847850358382,47.78746610070741,Windy,17.721722176270326
6,2022-01-01 05:00:00,6,28.366475107128323,91.9866676549818,Windy,17.91379888533233
7,2022-01-01 06:00:00,4,25.11807565247405,21.74587174203916,Windy,5.945744085626529
8,2022-01-01 07:00:00,1,20.193019906931468,73.10317489404713,Windy,4.599875079264811
9,2022-01-01 08:00:00,5,31.414851315283283,97.07155473708403,Cloudy,8.226079441324625
10,2022-01-01 09:00:00,2,14.882285122821465,64.81345467694736,Rainy,4.810631703602974
11,2022-01-01 10:00:00,2,20.225062698732636,94.94579696264735,Windy,13.447676865834072
12,2022-01-01 11:00:00,6,22.822664515279207,24.1806303428819,Windy,16.52129369096571
13,2022-01-01 12:00:00,4,25.962449447596256,53.50346552593291,Cloudy,13.46184261822434
14,2022-01-01 13:00:00,5,37.481158648755475,40.81262327696409,Stormy,16.48700894498699
15,2022-01-01 14:00:00,2,16.98858237554259,78.46567719845838,Cloudy,7.939843244149483
16,2022-01-01 15:00:00,3,27.998205344476407,98.50376723977973,Sunny,3.126339414177217
17,2022-01-01 16:00:00,5,30.734509910171486,40.52240499553982,Windy,14.759018947951843
18,2022-01-01 17:00:00,5,11.62576444519992,72.33396811792596,Sunny,7.209490102831078
19,2022-01-01 18:00:00,4,31.264069816550343,35.847810620779214,Windy,13.42541650458265
20,2022-01-01 19:00:00,2,15.968344329055203,65.22642036572879,Stormy,5.412878839635313
21,2022-01-01 20:00:00,5,12.276805754484784,57.114598935066894,Rainy,1.6245926961334534
22,2022-01-01 21:00:00,6,43.210993803866664,97.76042637052296,Stormy,19.851635909755267
23,2022-01-01 22:00:00,6,43.79712115760958,68.68218181571733,Cloudy,3.1240301586119856
24,2022-01-01 23:00:00,2,38.29390718407614,47.960509766945506,Cloudy,19.768419879269622
25,2022-01-02 00:00:00,6,20.661481921067974,29.12766279103467,Sunny,19.545598651328945
26,2022-01-02 01:00:00,3,13.418523990223434,32.09974629879476,Sunny,15.876362078160792
27,2022-01-02 02:00:00,4,33.94815592792549,38.025354396098805,Cloudy,13.18845924163995
28,2022-01-02 03:00:00,6,25.405337280886044,40.07733290722384,Cloudy,11.556141005021694
29,2022-01-02 04:00:00,6,14.271338219567259,88.04928462729103,Cloudy,17.322030907556695
30,2022-01-02 05:00:00,3,27.331191853894456,64.89782306260199,Windy,5.788790432389758
31,2022-01-02 06:00:00,4,11.203598239032644,61.87127290994931,Stormy,9.35362424969754
32,2022-01-02 07:00:00,5,41.826214072757374,29.181509749537398,Windy,12.387799387330038
33,2022-01-02 08:00:00,4,19.05729935600059,88.8111754679548,Rainy,8.223809517389821
34,2022-01-02 09:00:00,1,33.188279952389365,77.8251442566787,Windy,8.54972908180536
35,2022-01-02 10:00:00,2,20.909887663129382,25.413468952000127,Cloudy,6.605693350041689
36,2022-01-02 11:00:00,2,28.20238074122338,76.62680777838149,Windy,11.28463633369072
37,2022-01-02 12:00:00,1,29.13485977701479,63.483057387411684,Sunny,17.01149056030232
38,2022-01-02 13:00:00,3,16.469905943393446,26.538027659742262,Cloudy,4.030567560126257
39,2022-01-02 14:00:00,1,43.93546197175955,56.664051322292515,Stormy,18.68866077506883
40,2022-01-02 15:00:00,5,37.12964881763901,58.775702970403756,Windy,13.781753074964593
41,2022-01-02 16:00:00,5,42.88246295474662,33.26196321306206,Cloudy,16.465464253600604
42,2022-01-02 17:00:00,2,41.31895726496771,95.65585176002259,Sunny,11.123813852600232
43,2022-01-02 18:00:00,5,30.92649925838798,87.99802971845295,Sunny,15.59033402848127
44,2022-01-02 19:00:00,2,42.265598225809086,73.52178698632866,Windy,0.3240079467893442
45,2022-01-02 20:00:00,1,13.097237571817182,56.98364488004857,Cloudy,16.367608495590705
46,2022-01-02 21:00:00,1,16.859400184670083,52.941243326760684,Stormy,0.8027771817073304
47,2022-01-02 22:00:00,6,11.582955111868833,72.07787737207633,Rainy,17.79826752725725
48,2022-01-02 23:00:00,6,21.38656157671425,63.634549552552436,Sunny,19.839254944772865
49,2022-01-03 00:00:00,1,23.60370513913187,24.98184847055085,Rainy,5.881349243535556
50,2022-01-03 01:00:00,2,19.497216112086356,61.000211901626535,Stormy,4.206371125715873
51,2022-01-03 02:00:00,1,39.00581282031753,84.51228937862716,Windy,15.307267277160815
52,2022-01-03 03:00:00,1,22.486366434275624,56.73919020775664,Sunny,5.060526818405064
53,2022-01-03 04:00:00,3,19.832707839058326,24.156526204341475,Rainy,17.31124766344407
54,2022-01-03 05:00:00,1,28.994362910538698,82.90225595072265,Sunny,2.056851843149534
55,2022-01-03 06:00:00,5,14.932347874116694,36.10910257087795,Rainy,2.519103927587165
56,2022-01-03 07:00:00,2,38.07689432639139,40.6896667910431,Cloudy,19.583031102012313
57,2022-01-03 08:00:00,3,12.60927252879198,33.17650827458367,Cloudy,13.476777965400093
58,2022-01-03 09:00:00,6,44.541042781018106,46.4172051897198,Windy,16.937744488579057
59,2022-01-03 10:00:00,4,37.02856692538301,80.5401204550908,Stormy,6.486587547030361
60,2022-01-03 11:00:00,2,16.955048853696034,61.550868760314984,Sunny,13.529674990412088
61,2022-01-03 12:00:00,5,10.193274099326084,36.390501932057006,Stormy,11.884836546171943
62,2022-01-03 13:00:00,2,38.5411499959192,90.22640625216327,Rainy,12.06300240245894
63,2022-01-03 14:00:00,6,34.740007034666604,90.36654839612234,Windy,13.650649190754432
64,2022-01-03 15:00:00,5,35.515250881434554,89.64627400368056,Cloudy,11.50718346258197
65,2022-01-03 16:00:00,5,36.9944621340081,39.10369691052314,Cloudy,8.581247386053318
66,2022-01-03 17:00:00,4,12.591562810693162,56.099147534479044,Windy,5.518453887610937
67,2022-01-03 18:00:00,2,22.546300499049543,98.79917249127001,Sunny,15.37162661826404
68,2022-01-03 19:00:00,4,14.05541708337954,81.76099810479923,Stormy,4.525448600063724
69,2022-01-03 20:00:00,4,40.208619905645776,22.173393698044784,Rainy,13.847086123088284
70,2022-01-03 21:00:00,2,31.815434438964527,25.216367300839366,Stormy,4.666656452986533
71,2022-01-03 22:00:00,1,21.58143086984272,57.114510144986625,Cloudy,12.506603399089078
72,2022-01-03 23:00:00,1,12.224542260010827,92.73761646892481,Windy,14.941565342580578
73,2022-01-04 00:00:00,6,20.884381260048176,63.09614383621714,Cloudy,4.374277778130784
74,2022-01-04 01:00:00,4,21.381416270936146,59.82500064274322,Cloudy,1.1988660172261656
75,2022-01-04 02:00:00,3,35.53621624183224,28.437895996530447,Rainy,2.6194748598834816
76,2022-01-04 03:00:00,4,32.31451149743246,72.54240837794353,Sunny,12.119939345420509
77,2022-01-04 04:00:00,4,41.05244599017143,85.76825284801804,Sunny,16.98892812451471
78,2022-01-04 05:00:00,4,26.527522380668227,50.43360060060499,Rainy,0.8999364247084873
79,2022-01-04 06:00:00,6,14.18579860784056,82.0489480740262,Windy,14.683025180832924
80,2022-01-04 07:00:00,1,34.963567552804825,97.15813231206494,Stormy,6.8263729190010425
81,2022-01-04 08:00:00,6,36.62747670159141,36.30131673021513,Windy,9.57056739839045
82,2022-01-04 09:00:00,6,29.64470191493237,61.866370495579304,Stormy,18.577190996911312
83,2022-01-04 10:00:00,6,36.98385129840963,42.971036646766045,Sunny,6.639430094716909
84,2022-01-04 11:00:00,1,27.282845872753676,83.42835352270714,Cloudy,9.30673867878972
85,2022-01-04 12:00:00,1,28.29564902836979,66.2074692704926,Cloudy,0.2736482952136221
86,2022-01-04 13:00:00,4,24.963935642549238,70.76659340402429,Windy,1.6319744000967673
87,2022-01-04 14:00:00,6,10.88966943604333,83.83313276927153,Rainy,5.1718318226956805
88,2022-01-04 15:00:00,3,13.776199944765656,51.677637812996394,Stormy,0.5570448164214881
89,2022-01-04 16:00:00,1,11.100021499035698,93.20720547256346,Cloudy,12.627506520965019
90,2022-01-04 17:00:00,2,32.274364394232315,62.6423093796912,Windy,8.527967136032451
91,2022-01-04 18:00:00,2,21.002459337671432,32.63638582682784,Rainy,10.96290405456044
92,2022-01-04 19:00:00,2,27.799974190764598,75.67192945350419,Sunny,3.492943717926591
93,2022-01-04 20:00:00,5,41.76482658741325,83.46090803506036,Rainy,5.918640588732322
94,2022-01-04 21:00:00,4,18.725228020210622,45.34093416540213,Sunny,13.276489497054502
95,2022-01-04 22:00:00,2,24.36340230624704,88.57434055990024,Windy,19.306054472607997
96,2022-01-04 23:00:00,4,36.44428984900671,92.4914603812613,Rainy,1.008335472044184
97,2022-01-05 00:00:00,2,18.007935792206787,42.15235899022471,Windy,17.807686417105323
98,2022-01-05 01:00:00,3,12.694296844007756,98.68171781721776,Sunny,11.537624026224169
99,2022-01-05 02:00:00,4,20.14130085198188,31.256922243900675,Cloudy,11.278391335112474
100,2022-01-05 03:00:00,2,15.642745053890154,36.1612534721992,Cloudy,10.005570704155208
101,2022-01-05 04:00:00,1,42.53941783199006,34.73798713904209,Sunny,1.3878817180836678
102,2022-01-05 05:00:00,4,38.28421328475459,91.51917680062964,Stormy,1.7975370347232134
103,2022-01-05 06:00:00,5,32.16913147786482,72.34340418599695,Stormy,12.018240113181722
104,2022-01-05 07:00:00,1,40.50112065657012,32.16834265778183,Cloudy,6.819171428711166
105,2022-01-05 08:00:00,1,38.128522691469,55.22587346946792,Cloudy,18.34536133155361
106,2022-01-05 09:00:00,6,16.529952061011254,69.22384200558416,Rainy,8.131810747189444
107,2022-01-05 10:00:00,5,41.23956494714922,26.677126799150663,Rainy,2.8656291740528217
108,2022-01-05 11:00:00,1,28.876978467047774,90.5933094725871,Cloudy,14.29437667004072
109,2022-01-05 12:00:00,1,38.26040543074219,84.28828283532282,Stormy,5.867068428820197
110,2022-01-05 13:00:00,2,41.363195497322266,60.41654188613106,Rainy,10.509406147117863
111,2022-01-05 14:00:00,2,21.130121624015235,97.37012922073363,Sunny,13.956655710103401
112,2022-01-05 15:00:00,4,13.851817358468686,53.420878342007974,Rainy,18.00528222404141
113,2022-01-05 16:00:00,4,17.97773068896796,98.72882552291982,Rainy,15.843823896033522
114,2022-01-05 17:00:00,4,24.94877260191897,73.43359990429016,Rainy,13.527221357454483
115,2022-01-05 18:00:00,2,38.63051680728726,70.77370186031531,Windy,13.59266364790287
116,2022-01-05 19:00:00,4,40.12557041397202,33.2763916236628,Sunny,18.91849288064173
117,2022-01-05 20:00:00,1,10.243324568591675,90.55422066437151,Cloudy,5.916481949930721
118,2022-01-05 21:00:00,2,27.8761555902148,54.19917503364921,Stormy,0.02224188392374815
119,2022-01-05 22:00:00,4,24.609385110207263,32.97867246259835,Stormy,5.439091187963974
120,2022-01-05 23:00:00,1,17.77377336647556,21.00860159806072,Cloudy,4.35782759253488
121,2022-01-06 00:00:00,4,14.195287856678899,64.7804546910706,Windy,13.236691702279963
122,2022-01-06 01:00:00,3,21.81653099912698,62.19196976981411,Stormy,12.674231995310581
123,2022-01-06 02:00:00,4,43.00183963693817,77.54828978953269,Rainy,11.869227654094477
124,2022-01-06 03:00:00,3,21.312102620726435,91.22064424142417,Stormy,0.324868864189074
125,2022-01-06 04:00:00,4,28.157671761017813,26.352526771442363,Sunny,14.57556108901295
126,2022-01-06 05:00:00,6,34.60566356133123,78.51971922722899,Sunny,6.47060824970983
127,2022-01-06 06:00:00,6,22.727036083275287,34.99295552780658,Cloudy,13.301119780132622
128,2022-01-06 07:00:00,5,44.012372895233625,88.65416425257311,Windy,11.131568570043067
129,2022-01-06 08:00:00,6,43.68565532297389,85.52508110893248,Windy,6.8546185085581435
130,2022-01-06 09:00:00,6,18.812380353887747,63.26350039884355,Stormy,2.691525342082155
131,2022-01-06 10:00:00,4,27.40369770623349,76.81942388986492,Windy,1.888377953209619
132,2022-01-06 11:00:00,2,20.53074084358694,45.14800905469987,Windy,16.63036666224447
133,2022-01-06 12:00:00,2,19.969417303211365,57.69343191462517,Stormy,18.36795084163116
134,2022-01-06 13:00:00,3,11.291043157408648,85.73095181683773,Sunny,12.995760935285992
135,2022-01-06 14:00:00,2,31.33475168929639,56.741215773857114,Rainy,2.0686822972096675
136,2022-01-06 15:00:00,1,27.59376581301015,48.623861226035345,Cloudy,8.040544337764814
137,2022-01-06 16:00:00,5,11.801756293749627,59.53699578002399,Sunny,14.578784002103145
138,2022-01-06 17:00:00,6,19.752626248281402,86.25994019497747,Windy,15.596417680201363
139,2022-01-06 18:00:00,5,41.78930600883288,46.81664378966982,Windy,2.364372445821772
140,2022-01-06 19:00:00,1,18.384666173344037,33.900927450859506,Stormy,0.0006143769076483174
141,2022-01-06 20:00:00,6,15.071320523192808,76.96112162646246,Cloudy,14.2427409176121
142,2022-01-06 21:00:00,3,27.130846609714705,86.07825701664655,Rainy,7.131923519724113
143,2022-01-06 22:00:00,1,44.497765893871026,28.050998281882666,Stormy,5.089626632365205
144,2022-01-06 23:00:00,1,18.471934502902513,39.189929020475574,Stormy,0.2579493957905088
145,2022-01-07 00:00:00,5,33.52474415920575,31.357759180879512,Rainy,10.805988135229994
146,2022-01-07 01:00:00,4,36.65668653650512,47.83531292657333,Rainy,17.023014708519636
147,2022-01-07 02:00:00,5,18.317314039733986,56.02807831243301,Windy,19.15263292545176
148,2022-01-07 03:00:00,5,35.487572201415084,79.90610695706451,Stormy,11.314899012265784
149,2022-01-07 04:00:00,2,22.87240964517386,72.09180679053392,Sunny,10.289226554797883
150,2022-01-07 05:00:00,1,32.13070407077528,69.67428539827449,Sunny,1.701127709784822
151,2022-01-07 06:00:00,5,32.17353987663131,48.18999572877235,Stormy,10.977456030851995
152,2022-01-07 07:00:00,1,28.752113942616546,87.3158042467808,Rainy,7.599581579307893
153,2022-01-07 08:00:00,2,13.16014195190429,57.70297339185316,Cloudy,12.142705617671538
154,2022-01-07 09:00:00,1,39.23558734562333,98.32839504121236,Rainy,7.774526957530934
155,2022-01-07 10:00:00,5,21.227302274010754,70.73137106365894,Rainy,4.8059824690073345
156,2022-01-07 11:00:00,1,16.5281478639949,30.101179325160217,Cloudy,1.89930550456753
157,2022-01-07 12:00:00,6,11.427129954416737,74.09420496603472,Rainy,6.298368891777915
158,2022-01-07 13:00:00,2,30.681253011588463,46.00832123453592,Cloudy,1.9328966857550456
159,2022-01-07 14:00:00,4,33.71475266447989,74.9061757348878,Stormy,3.5379390164796787
160,2022-01-07 15:00:00,1,10.580574012474965,25.57129185299246,Cloudy,19.74672317159092
161,2022-01-07 16:00:00,5,27.923257040474834,33.99051497407675,Sunny,8.882071138132373
162,2022-01-07 17:00:00,2,17.92735213192783,88.4589807124629,Cloudy,10.637435330100331
163,2022-01-07 18:00:00,5,32.58104766433075,38.17436456188119,Rainy,17.472370574744307
164,2022-01-07 19:00:00,5,16.1028250151747,86.9632900194352,Stormy,19.911378009813756
165,2022-01-07 20:00:00,1,34.182820833586305,42.34208707635283,Cloudy,11.654288986893631
166,2022-01-07 21:00:00,5,23.53573712051881,71.43055280469662,Rainy,16.249476420883433
167,2022-01-07 22:00:00,1,42.78554960578571,75.53204588078648,Cloudy,6.538820486733505
168,2022-01-07 23:00:00,4,14.813233045109763,61.012380251604235,Stormy,6.114879148945822
169,2022-01-08 00:00:00,6,21.93732228675905,44.4248541357385,Stormy,8.054074419891204
170,2022-01-08 01:00:00,5,13.971573243420618,37.01155010968769,Sunny,13.450145253472982
171,2022-01-08 02:00:00,5,42.3642766397497,22.655148364994098,Stormy,13.643833785101975
172,2022-01-08 03:00:00,5,40.70687736833433,44.31571209925791,Rainy,6.304788692989016
173,2022-01-08 04:00:00,3,19.027956970030445,72.25302324250265,Stormy,2.6641984827325738
174,2022-01-08 05:00:00,3,33.09944161119627,95.06438547587861,Stormy,12.64792512931017
175,2022-01-08 06:00:00,2,38.602777007042555,89.69635858104417,Rainy,2.5665172437752903
176,2022-01-08 07:00:00,6,29.432028405981182,81.28518212282421,Rainy,11.569850164586601
177,2022-01-08 08:00:00,6,28.537770242460226,83.0757874602639,Stormy,13.86844256112618
178,2022-01-08 09:00:00,3,18.464830181515808,73.19879227807962,Stormy,14.012229927889033
179,2022-01-08 10:00:00,2,13.258596873206471,40.82294860528024,Cloudy,15.069442213191934
180,2022-01-08 11:00:00,3,41.40255152836644,92.57560245646638,Stormy,17.45718843131329
181,2022-01-08 12:00:00,4,41.51463200071657,73.65858495246673,Sunny,9.999179839295769
182,2022-01-08 13:00:00,2,32.15855100456437,64.8352504784352,Sunny,14.604983790591424
183,2022-01-08 14:00:00,6,21.866042686704525,28.879157537078484,Sunny,12.383454707316734
184,2022-01-08 15:00:00,6,22.22233511144313,55.764443504514034,Sunny,3.7327987959536513
185,2022-01-08 16:00:00,3,35.40844876045838,56.8286616961541,Stormy,0.5137928973881634
186,2022-01-08 17:00:00,4,41.398859098340196,89.16508876181359,Cloudy,5.690827713538676
187,2022-01-08 18:00:00,3,41.0480248492791,63.731857615023074,Rainy,8.860674126752388
188,2022-01-08 19:00:00,1,37.295644105016834,50.43204391763277,Stormy,12.342118888573125
189,2022-01-08 20:00:00,1,32.47110761540007,98.14402628085274,Windy,16.999186610064108
190,2022-01-08 21:00:00,4,12.94489877482671,28.857647466105256,Stormy,3.924914334123313
191,2022-01-08 22:00:00,5,15.657004993311482,53.80387426495557,Sunny,2.510995797969542
192,2022-01-08 23:00:00,5,41.44939659844778,23.361974013712423,Windy,19.26959894948655
193,2022-01-09 00:00:00,1,31.225017088085647,79.19232966135442,Stormy,2.1608911875281422
194,2022-01-09 01:00:00,1,10.321896806582037,93.44612417593206,Cloudy,9.569821402143784
195,2022-01-09 02:00:00,5,13.551504000311123,42.40298636403915,Cloudy,11.711274575866037
196,2022-01-09 03:00:00,2,33.22256191878195,88.66733414392966,Windy,10.827488418148764
197,2022-01-09 04:00:00,5,10.177155434617655,43.37745843695182,Rainy,1.720643140658864
198,2022-01-09 05:00:00,3,15.628281799612452,92.86161293151322,Windy,1.1405382800723873
199,2022-01-09 06:00:00,2,29.205682627830516,80.31695228774271,Cloudy,2.1096685492207135
200,2022-01-09 07:00:00,3,34.21633191924427,84.39254214731508,Windy,11.71175367745225
201,2022-01-09 08:00:00,1,32.81864408259102,21.44052444803636,Sunny,10.886897752686423
202,2022-01-09 09:00:00,2,17.849425831119593,97.02482856592208,Sunny,4.674815840734885
203,2022-01-09 10:00:00,3,34.92627274716375,78.13367936562585,Rainy,12.755482836911831
204,2022-01-09 11:00:00,3,18.303718062388,44.380087630890664,Windy,16.401350041112988
205,2022-01-09 12:00:00,2,21.38898943557437,86.35157318870776,Windy,0.8315791969318753
206,2022-01-09 13:00:00,4,36.12719917913084,42.521695873194396,Windy,9.962598870960848
207,2022-01-09 14:00:00,5,32.73715146665251,89.82030716529023,Windy,13.786208242053807
208,2022-01-09 15:00:00,6,39.722819367296225,29.00643123295496,Rainy,5.046238541393741
209,2022-01-09 16:00:00,3,33.01645123051202,76.29487819686366,Cloudy,6.1554181058629815
210,2022-01-09 17:00:00,5,29.890801116741507,63.25587813159282,Stormy,12.272758059787677
211,2022-01-09 18:00:00,6,13.278616873983236,27.722757615635267,Rainy,17.958705868874738
212,2022-01-09 19:00:00,5,22.870053107080174,39.35150626070712,Cloudy,16.198488406057987
213,2022-01-09 20:00:00,1,19.282082868860392,20.992322902185183,Cloudy,11.66260438199167
214,2022-01-09 21:00:00,6,18.539637518267924,57.50143723716047,Cloudy,14.604434355144985
215,2022-01-09 22:00:00,5,44.055369416335594,44.10122086080003,Windy,7.2964494041559735
216,2022-01-09 23:00:00,3,23.758420363336615,67.86859874382071,Rainy,12.819310561975154
217,2022-01-10 00:00:00,6,41.22162943119896,43.77902461668938,Cloudy,9.323631822551139
218,2022-01-10 01:00:00,1,32.0898519099042,43.993528920558774,Stormy,3.7987227291512182
219,2022-01-10 02:00:00,2,37.8183956239577,79.45545589852827,Stormy,14.034765477545143
220,2022-01-10 03:00:00,3,27.592298258681723,23.851426878268278,Sunny,11.12929274697644
221,2022-01-10 04:00:00,1,30.191635961922568,92.23159961535897,Cloudy,7.172431639071828
222,2022-01-10 05:00:00,1,27.238119283660236,88.18110995129452,Rainy,18.226783801572616
223,2022-01-10 06:00:00,6,16.83350457293156,73.42437465811253,Windy,0.41868235653466535
224,2022-01-10 07:00:00,5,35.28582403415268,67.45772560859075,Sunny,6.315463024989921
225,2022-01-10 08:00:00,2,19.827032685429952,91.38419985117218,Cloudy,1.1376279555529312
226,2022-01-10 09:00:00,3,10.851058825100884,34.82641436229716,Windy,15.330546324432543
227,2022-01-10 10:00:00,3,32.59153035675087,26.31753297526629,Rainy,14.042149082275852
228,2022-01-10 11:00:00,5,16.198873779246714,39.16081359276305,Rainy,6.62704437472634
229,2022-01-10 12:00:00,2,42.916050452352,83.56626229601522,Sunny,13.51325804414146
230,2022-01-10 13:00:00,6,43.38750019509056,22.773621338118666,Sunny,7.918744523918997
231,2022-01-10 14:00:00,3,42.0202536577157,66.62454680667918,Cloudy,15.125075828448686
232,2022-01-10 15:00:00,2,22.95555450894055,99.63500129530479,Windy,9.083673254734121
233,2022-01-10 16:00:00,6,10.54098157851036,88.45568750700315,Stormy,8.24559455663331
234,2022-01-10 17:00:00,6,42.49114969057039,61.71565512348715,Windy,18.694598309766018
235,2022-01-10 18:00:00,3,24.986445191106,25.091272742931388,Rainy,5.017581997814005
236,2022-01-10 19:00:00,5,43.832918666528435,86.50988115085678,Rainy,2.4089467999313086
237,2022-01-10 20:00:00,4,43.726699198123846,67.91828065417684,Cloudy,11.690862265189164
238,2022-01-10 21:00:00,3,39.85533094135761,29.19463976476535,Stormy,19.386436245683576
239,2022-01-10 22:00:00,1,20.305711222435498,27.508582785868498,Cloudy,7.556784274543733
240,2022-01-10 23:00:00,1,23.478420501067383,92.7701455549274,Rainy,1.2407352725756304
241,2022-01-11 00:00:00,6,39.78978350308999,73.53602103504628,Rainy,6.7861053461913485
242,2022-01-11 01:00:00,4,21.09227018046972,86.34294394534044,Windy,10.118633086391169
243,2022-01-11 02:00:00,3,15.932246134013237,90.31831202258138,Stormy,3.238460132644274
244,2022-01-11 03:00:00,1,29.488044186042256,65.74178816386578,Windy,13.16204436112984
245,2022-01-11 04:00:00,1,42.765417095627335,61.3957081404033,Windy,19.95498778020401
246,2022-01-11 05:00:00,3,34.36104288362405,54.43419282567922,Cloudy,9.034789519628877
247,2022-01-11 06:00:00,2,29.952140953127774,45.355727023289546,Windy,7.094571134604253
248,2022-01-11 07:00:00,6,13.4011772819769,54.76767686869694,Sunny,8.014083336689332
249,2022-01-11 08:00:00,3,31.52525293447094,81.91037245841251,Sunny,2.3029235679040228
250,2022-01-11 09:00:00,2,44.65188475364921,68.15387448121052,Windy,17.665472028524476
251,2022-01-11 10:00:00,6,14.90294053327834,91.4018631963877,Stormy,8.296513110427039
252,2022-01-11 11:00:00,4,28.141537832730787,55.47040115033502,Windy,7.745488228496827
253,2022-01-11 12:00:00,5,40.70805751747844,68.56716629750032,Rainy,13.193805458609486
254,2022-01-11 13:00:00,6,35.92690162139716,70.5046042473591,Rainy,8.84066841862247
255,2022-01-11 14:00:00,4,34.395550934834375,67.33577298450604,Stormy,12.964669376156921
256,2022-01-11 15:00:00,5,34.58694293954882,76.2107018468413,Cloudy,1.2289258026157501
257,2022-01-11 16:00:00,1,22.58219029269143,38.9946774699845,Sunny,16.27446687444455
258,2022-01-11 17:00:00,1,20.275714549257266,60.98910220366325,Sunny,18.81007905758805
259,2022-01-11 18:00:00,1,38.327640441747974,28.337984224667814,Cloudy,12.975307723187719
260,2022-01-11 19:00:00,6,38.35396881377133,50.760906211585,Windy,19.091318577176214
261,2022-01-11 20:00:00,2,40.34753115030363,59.01336548970115,Stormy,3.028646287399266
262,2022-01-11 21:00:00,5,41.963419339476495,72.17794076363779,Windy,9.548323789607075
263,2022-01-11 22:00:00,1,27.896983960132822,96.04248420689628,Cloudy,12.036134678908946
264,2022-01-11 23:00:00,3,27.553070314051986,68.05208532386847,Stormy,11.634732948423734
265,2022-01-12 00:00:00,5,37.94033126383713,79.48751329412478,Sunny,8.029235581780865
266,2022-01-12 01:00:00,5,32.74873757722178,60.50128475961622,Sunny,6.761688187325228
267,2022-01-12 02:00:00,2,34.56884070401962,70.72832251010651,Windy,2.536480451008376
268,2022-01-12 03:00:00,4,37.85274343026354,25.674577290701876,Rainy,7.834849011245564
269,2022-01-12 04:00:00,2,41.15018696361482,40.35132646734776,Cloudy,3.2532163021097027
270,2022-01-12 05:00:00,1,21.829830489803754,48.948247456411096,Cloudy,14.687313529844367
271,2022-01-12 06:00:00,3,23.14540334239804,57.799468400521086,Windy,4.1766187098918
272,2022-01-12 07:00:00,3,13.289367894430415,23.6518996401907,Cloudy,1.171306105690677
273,2022-01-12 08:00:00,1,30.23980493486609,31.201927804265416,Sunny,11.047322756344686
274,2022-01-12 09:00:00,3,11.257979582885973,42.14514462330446,Windy,11.904594654388031
275,2022-01-12 10:00:00,2,26.295930634636104,97.72261527208406,Sunny,17.43826122561011
276,2022-01-12 11:00:00,6,28.992562214765183,46.50776056824406,Stormy,11.539632248353637
277,2022-01-12 12:00:00,2,20.028943824489954,58.5632846489666,Stormy,6.9096170744689145
278,2022-01-12 13:00:00,6,30.679164119915377,35.68781701907143,Rainy,16.06023763052641
279,2022-01-12 14:00:00,1,11.06750874786673,68.86240568606146,Cloudy,10.805577863748422
280,2022-01-12 15:00:00,3,11.307186606222505,42.45465724127794,Stormy,1.5856056926238349
281,2022-01-12 16:00:00,5,38.79101962308804,36.55940627507414,Cloudy,11.317011206264933
282,2022-01-12 17:00:00,4,22.606672449394203,61.32581027567832,Sunny,18.160370908433247
283,2022-01-12 18:00:00,5,14.447117942815968,20.440463932833666,Windy,7.926252509964411
284,2022-01-12 19:00:00,6,28.27851410191815,20.613122611938024,Stormy,5.926516037996001
285,2022-01-12 20:00:00,2,36.94977435845138,37.52550472814862,Windy,2.869389140360401
286,2022-01-12 21:00:00,2,17.55373596238951,22.93770900006569,Stormy,3.0289104387071464
287,2022-01-12 22:00:00,2,31.80116665366501,28.64206033045531,Cloudy,8.655429686836378
288,2022-01-12 23:00:00,2,12.98716127478188,47.10885194710013,Stormy,11.913596483230592
289,2022-01-13 00:00:00,4,11.80886024090127,84.20685436638503,Stormy,1.612308103392035
290,2022-01-13 01:00:00,1,28.59741210488518,65.76389146954406,Sunny,18.791371780503315
291,2022-01-13 02:00:00,2,28.922229256353727,61.01341807651331,Rainy,15.10267234890392
292,2022-01-13 03:00:00,6,32.31004655243723,43.47910585664973,Sunny,11.732478365673254
293,2022-01-13 04:00:00,3,35.413196680293154,94.54029755462531,Windy,16.568773418779816
294,2022-01-13 05:00:00,4,44.15482278118871,51.76120329897533,Cloudy,1.6037351362422658
295,2022-01-13 06:00:00,6,28.070512190541837,26.96742134366172,Cloudy,9.536777554662487
296,2022-01-13 07:00:00,6,21.303476552943607,69.3653212894241,Stormy,12.601862537233268
297,2022-01-13 08:00:00,2,37.831516816904625,29.107071478128113,Cloudy,16.573058122365786
298,2022-01-13 09:00:00,3,19.479128794172595,47.61785142413537,Rainy,15.669391200985354
299,2022-01-13 10:00:00,2,25.363999724697265,60.592955097424706,Rainy,5.541384994267993
300,2022-01-13 11:00:00,6,12.745973346979309,89.93780197481406,Stormy,18.817603391184086
301,2022-01-13 12:00:00,1,10.887276019541012,59.48372642720949,Stormy,2.486916828617407
302,2022-01-13 13:00:00,4,43.692694513727375,76.18070128253314,Windy,17.502672372423042
303,2022-01-13 14:00:00,1,39.25930421792721,99.42534711992563,Stormy,19.418804992092372
304,2022-01-13 15:00:00,4,34.359097213279426,30.519129591838528,Sunny,3.5430704644525113
305,2022-01-13 16:00:00,2,24.313353054499444,41.97852204156156,Sunny,14.441321284075705
306,2022-01-13 17:00:00,2,16.065301202479603,51.56608604781171,Sunny,0.8057103755599693
307,2022-01-13 18:00:00,4,15.475296493488012,53.74625428310651,Rainy,8.108456502783099
308,2022-01-13 19:00:00,3,18.758501435760834,52.88168602124366,Cloudy,10.325665983953481
309,2022-01-13 20:00:00,3,29.222933264714218,92.6088802045244,Windy,11.612904518192682
310,2022-01-13 21:00:00,2,35.01085729450218,77.1226115573485,Stormy,18.71874496497119
311,2022-01-13 22:00:00,2,33.106908185120595,68.6324171272563,Windy,13.445013745883895
312,2022-01-13 23:00:00,1,19.797686393108002,44.74981742902257,Rainy,9.62555902438474
313,2022-01-14 00:00:00,6,43.420284823211794,85.90323073770358,Stormy,16.193500725317787
314,2022-01-14 01:00:00,2,35.826392084351895,96.40484091879911,Stormy,19.01065641908818
315,2022-01-14 02:00:00,4,29.402391837899025,85.69586260401812,Rainy,0.44132297364581685
316,2022-01-14 03:00:00,3,31.410226118202328,20.125208415317832,Cloudy,19.650425445120774
317,2022-01-14 04:00:00,3,24.686002184972647,70.91210961467256,Stormy,1.7226427812736067
318,2022-01-14 05:00:00,1,18.67058463254051,24.090830515368058,Cloudy,16.287735585375227
319,2022-01-14 06:00:00,3,22.459043752794155,40.60857762669775,Rainy,5.60669505102825
320,2022-01-14 07:00:00,3,36.52461386625292,24.761976027821735,Windy,2.643593155077435
321,2022-01-14 08:00:00,6,10.503772102041456,68.30363623595102,Stormy,8.797112794276698
322,2022-01-14 09:00:00,5,14.062542417742069,74.92719307940854,Cloudy,12.879131588952271
323,2022-01-14 10:00:00,4,11.610092470761346,29.159011045272408,Stormy,7.6190369004695
324,2022-01-14 11:00:00,6,11.425508081163954,50.707110643598355,Cloudy,1.0913081656539791
325,2022-01-14 12:00:00,5,39.94112044038525,56.498920716443365,Stormy,11.989222793174331
326,2022-01-14 13:00:00,3,34.62802507830083,49.52424174087333,Stormy,18.048065522213495
327,2022-01-14 14:00:00,1,26.59608401805638,29.682000038815445,Stormy,7.664307318945034
328,2022-01-14 15:00:00,1,13.424195622785051,53.515823214998036,Windy,4.326655552616541
329,2022-01-14 16:00:00,3,27.20655562908913,80.09424382467344,Stormy,8.851546918656307
330,2022-01-14 17:00:00,2,26.571511977319798,25.680613162660435,Cloudy,0.9672542209756174
331,2022-01-14 18:00:00,5,16.062065446850532,26.414401126552278,Windy,16.409751689605496
332,2022-01-14 19:00:00,3,25.184807723329058,48.38170334687874,Sunny,16.526816219003734
333,2022-01-14 20:00:00,1,23.947665703908072,95.33805692951401,Cloudy,11.760009268592569
334,2022-01-14 21:00:00,1,31.554753431827578,73.48581173783313,Cloudy,7.062057778767789
335,2022-01-14 22:00:00,5,32.228277780367534,74.29359653380519,Sunny,15.995667288915667
336,2022-01-14 23:00:00,4,11.585640342021557,48.9535992670292,Windy,11.093740495767344
337,2022-01-15 00:00:00,3,23.111441511926493,67.49286329668308,Stormy,16.518646171000324
338,2022-01-15 01:00:00,6,31.905097049998272,20.81049472221947,Cloudy,12.629175851660413
339,2022-01-15 02:00:00,3,27.60976905030307,70.88768371276338,Sunny,15.688109464255946
340,2022-01-15 03:00:00,4,39.97714444159128,93.06295580609894,Stormy,11.971259864355199
341,2022-01-15 04:00:00,5,33.05427710666308,69.00587746758553,Windy,8.282821364313325
342,2022-01-15 05:00:00,5,15.70270494785004,89.89588747730761,Cloudy,19.15891719852275
343,2022-01-15 06:00:00,1,12.469906159015045,77.9178444372875,Stormy,10.822276497576894
344,2022-01-15 07:00:00,4,32.48467473722104,29.644673312295218,Stormy,12.101790370810768
345,2022-01-15 08:00:00,5,10.927895868956764,92.19626458286734,Rainy,4.409752788294985
346,2022-01-15 09:00:00,2,30.502145344571215,25.31550754846199,Sunny,12.51301578854553
347,2022-01-15 10:00:00,3,42.908058449873515,62.7173978038211,Stormy,11.432152989658878
348,2022-01-15 11:00:00,1,30.141596225655764,31.370969903476613,Windy,3.696767958940499
349,2022-01-15 12:00:00,6,23.58594741722827,20.936528858472325,Rainy,1.1917419470628743
350,2022-01-15 13:00:00,4,32.51508764548236,53.76274081021112,Stormy,12.087186394295422
351,2022-01-15 14:00:00,1,26.03885116720308,43.6032566123325,Stormy,15.27384538700641
352,2022-01-15 15:00:00,5,29.096587626057723,58.88003950380824,Windy,10.468027418440165
353,2022-01-15 16:00:00,5,42.95126830717838,66.17599093876407,Rainy,4.5354525063929145
354,2022-01-15 17:00:00,6,23.513592323027098,23.499125784715787,Rainy,13.330439533860698
355,2022-01-15 18:00:00,6,43.641669733837,29.84026360989965,Sunny,1.602114532192045
356,2022-01-15 19:00:00,6,41.68727246846223,64.69139171603402,Stormy,8.836674096039092
357,2022-01-15 20:00:00,6,16.852689717625374,47.45338825381266,Sunny,3.2673351679684037
358,2022-01-15 21:00:00,6,12.427645530630791,78.33387900395584,Rainy,3.689181021197667
359,2022-01-15 22:00:00,2,13.527230048209933,72.18333188735517,Sunny,4.045878983164073
360,2022-01-15 23:00:00,3,10.637763897804241,87.64834903919254,Windy,7.734141140879558
361,2022-01-16 00:00:00,4,13.305503626457494,75.39942613353801,Cloudy,1.0230041124079525
362,2022-01-16 01:00:00,1,33.90523706957249,54.394486191211854,Windy,7.955868818581964
363,2022-01-16 02:00:00,6,12.491602696108014,73.8373297915546,Rainy,10.234148942294016
364,2022-01-16 03:00:00,3,21.164147060281646,42.03049394043348,Windy,9.665885699326504
365,2022-01-16 04:00:00,5,39.570635883930905,44.505079902257016,Rainy,7.655682008060811
366,2022-01-16 05:00:00,3,10.814517750753906,83.11881279366347,Windy,16.78293216141505
367,2022-01-16 06:00:00,6,38.50639689061275,55.71356131212657,Stormy,2.906533848410082
368,2022-01-16 07:00:00,1,19.864917117068998,83.8704272414682,Stormy,10.113934875627479
369,2022-01-16 08:00:00,6,14.135768966757968,85.79378989346228,Windy,1.240828339131086
370,2022-01-16 09:00:00,3,34.38580078774527,88.6049870129027,Sunny,1.423113577558195
371,2022-01-16 10:00:00,5,32.01299963729594,93.33081886729659,Rainy,11.477316993541926
372,2022-01-16 11:00:00,3,40.71152047344685,54.4788176410637,Stormy,11.32036849775642
373,2022-01-16 12:00:00,6,35.727486533136,45.509345465691105,Rainy,17.56067025688914
374,2022-01-16 13:00:00,4,38.121832563469695,66.5758997275291,Stormy,11.157473513201463
375,2022-01-16 14:00:00,3,19.871210039995727,49.69379387501021,Cloudy,19.195820408097003
376,2022-01-16 15:00:00,4,16.2103840322903,68.08593334401863,Windy,0.9738969679985954
377,2022-01-16 16:00:00,6,36.27151630743004,76.44686901150597,Stormy,1.9601536956148213
378,2022-01-16 17:00:00,3,38.239215874354244,75.07240147937095,Windy,0.8813172314076279
379,2022-01-16 18:00:00,5,44.66767997002356,49.96423096160971,Cloudy,3.7055370066708004
380,2022-01-16 19:00:00,2,24.441618691899926,33.34881613590022,Rainy,10.825402218833561
381,2022-01-16 20:00:00,2,23.02063300274741,54.4423470769766,Windy,12.911443628548561
382,2022-01-16 21:00:00,4,37.17445362596989,31.4075315265527,Stormy,0.911703158973376
383,2022-01-16 22:00:00,6,21.928123908855625,91.20776281470467,Cloudy,18.919417796911986
384,2022-01-16 23:00:00,4,42.57650639612476,47.67019685902859,Stormy,16.84330753300762
385,2022-01-17 00:00:00,6,40.044446314505414,32.3567797778659,Cloudy,5.932249643141862
386,2022-01-17 01:00:00,6,25.014790958125644,22.035820792460072,Cloudy,1.5437506045293592
387,2022-01-17 02:00:00,2,36.28048737270241,71.66579090291874,Stormy,3.3977414643811454
388,2022-01-17 03:00:00,5,36.40900059296388,70.95218539637946,Windy,2.5388882750994535
389,2022-01-17 04:00:00,5,13.60933540925764,47.248333326503335,Rainy,2.465675585978937
390,2022-01-17 05:00:00,3,41.58935173378484,25.736951107812082,Rainy,10.371233773314678
391,2022-01-17 06:00:00,4,27.683833035675,52.770311591618565,Cloudy,4.916948849868006
392,2022-01-17 07:00:00,5,38.92601131377096,44.897399605071485,Stormy,7.162794330582889
393,2022-01-17 08:00:00,1,21.20173603607141,74.16965117880075,Cloudy,19.790106667686448
394,2022-01-17 09:00:00,3,41.343312997367015,68.46233995621523,Rainy,13.686284978506896
395,2022-01-17 10:00:00,3,23.62205875569571,49.167498255803196,Cloudy,18.979613340940027
396,2022-01-17 11:00:00,2,10.379317801810442,37.43140434039921,Cloudy,2.851131100662312
397,2022-01-17 12:00:00,4,41.68836917467423,99.04287729244734,Rainy,7.642789496651385
398,2022-01-17 13:00:00,5,13.195033687514675,56.32012969568919,Windy,11.094636065647085
399,2022-01-17 14:00:00,5,21.175977315664518,75.06193886241897,Cloudy,1.5351612377747603
400,2022-01-17 15:00:00,6,43.252168846778176,31.244237406268862,Windy,0.0837488725591573
401,2022-01-17 16:00:00,3,43.271250142814466,58.84717597275183,Cloudy,13.40868667593835
402,2022-01-17 17:00:00,4,30.070326084315013,22.202937589557237,Stormy,12.836390336028707
403,2022-01-17 18:00:00,4,32.114302425942974,60.436409432835994,Cloudy,8.215776199992234
404,2022-01-17 19:00:00,4,25.695593269241193,97.12139256941619,Cloudy,9.792881520640652
405,2022-01-17 20:00:00,6,20.262377009432257,50.736537038864014,Sunny,8.308860011841793
406,2022-01-17 21:00:00,2,21.503259087947058,23.119681005992927,Stormy,0.48010089689777713
407,2022-01-17 22:00:00,5,33.53814596269635,22.47646327354748,Stormy,6.707432124349248
408,2022-01-17 23:00:00,4,36.333108530318796,51.03894079574956,Windy,3.5416451079457967
409,2022-01-18 00:00:00,6,37.7052665304047,32.801994917055524,Windy,1.9684837820273748
410,2022-01-18 01:00:00,2,37.63663499780939,21.868167706254873,Cloudy,19.134408677786997
411,2022-01-18 02:00:00,6,13.192213606704163,80.49708911601414,Rainy,11.987194500843312
412,2022-01-18 03:00:00,1,27.304710664590353,56.681840710551256,Cloudy,14.573125684732053
413,2022-01-18 04:00:00,3,12.01455660058255,43.139581757812365,Sunny,6.30727486532235
414,2022-01-18 05:00:00,5,29.233510881330744,92.00665464131846,Cloudy,7.862942589880304
415,2022-01-18 06:00:00,6,25.453567548068193,29.29111681604205,Sunny,4.73847987793447
416,2022-01-18 07:00:00,6,41.06964639654049,96.47350631642554,Cloudy,1.9393134193084949
417,2022-01-18 08:00:00,5,22.28202543932275,45.117337390188226,Windy,3.580632748831676
418,2022-01-18 09:00:00,3,14.097345574966205,91.0722937846945,Cloudy,15.950280905929716
419,2022-01-18 10:00:00,1,15.004708871849255,68.23543011835693,Windy,13.550916103675517
420,2022-01-18 11:00:00,2,36.65287211011153,86.136588779319,Rainy,10.938577519709538
421,2022-01-18 12:00:00,6,31.637632216069136,98.72105305683715,Rainy,9.50179745733536
422,2022-01-18 13:00:00,3,13.53929366429766,43.07243502549966,Stormy,18.44868567312249
423,2022-01-18 14:00:00,2,12.943738214024911,96.89083883260744,Cloudy,1.454698955573368
424,2022-01-18 15:00:00,2,34.5339196010692,51.15855159219363,Stormy,5.612016264758319
425,2022-01-18 16:00:00,2,12.546705222746773,50.84095237895379,Cloudy,6.998757071414281
426,2022-01-18 17:00:00,1,38.76510207516247,47.230968340360455,Rainy,15.648516244255756
427,2022-01-18 18:00:00,1,34.718477950477364,63.312608587806814,Sunny,19.850292403239425
428,2022-01-18 19:00:00,2,12.847207322466492,32.33160345427897,Stormy,4.813410295143061
429,2022-01-18 20:00:00,4,12.969319992981717,64.2969188286409,Stormy,17.486146682741612
430,2022-01-18 21:00:00,5,44.53238524754114,63.33638499280032,Rainy,16.612455208635826
431,2022-01-18 22:00:00,1,23.09947785146421,80.9521450083896,Rainy,4.493147952835333
432,2022-01-18 23:00:00,4,22.972475147341182,86.69199695500684,Sunny,7.986651603984452
433,2022-01-19 00:00:00,4,38.44798485401259,55.23530802499393,Stormy,8.193457385850383
434,2022-01-19 01:00:00,6,43.153700208435055,44.1866599481195,Rainy,19.564413370531167
435,2022-01-19 02:00:00,5,44.51003723380048,40.746791785367556,Rainy,3.6178380275779665
436,2022-01-19 03:00:00,2,36.36823648406296,35.569906936389756,Sunny,15.98315942209564
437,2022-01-19 04:00:00,6,23.169085493582052,24.61180657592199,Sunny,6.683854283462198
438,2022-01-19 05:00:00,6,12.922525084453406,47.395838306777065,Windy,14.617406915523208
439,2022-01-19 06:00:00,4,37.20014205746028,41.61981537046266,Cloudy,8.400220085913258
440,2022-01-19 07:00:00,4,29.544148740753176,97.31339086931258,Windy,11.5671952623308
441,2022-01-19 08:00:00,4,24.84777032364417,64.61670610000351,Sunny,16.652235466522622
442,2022-01-19 09:00:00,2,41.722403478315755,47.78216312244061,Rainy,16.083311299677682
443,2022-01-19 10:00:00,2,13.891911880715297,66.43740807949568,Sunny,17.328463670794005
444,2022-01-19 11:00:00,6,27.24187865018007,31.13573610765564,Stormy,1.1923465068931804
445,2022-01-19 12:00:00,6,10.397377566859667,55.523499936176236,Rainy,13.841011060794896
446,2022-01-19 13:00:00,1,26.40312246979442,70.0987457136851,Windy,2.7997475344352574
447,2022-01-19 14:00:00,1,11.970614648864307,59.11182654339611,Windy,8.316371360368219
448,2022-01-19 15:00:00,4,14.158627069382518,52.14230405234594,Windy,10.97176830109377
449,2022-01-19 16:00:00,2,14.11341863719867,99.50787111197586,Rainy,8.054789694936614
450,2022-01-19 17:00:00,2,32.72236057406222,90.42518097191416,Cloudy,10.39223351606015
451,2022-01-19 18:00:00,6,36.11157077428982,69.87247665275521,Cloudy,19.930526175972382
452,2022-01-19 19:00:00,5,30.417906778400585,65.55018889458262,Cloudy,2.7043462742570945
453,2022-01-19 20:00:00,4,43.67603919660897,69.65283838596673,Sunny,13.509120906728512
454,2022-01-19 21:00:00,1,23.12047028332964,36.10496862579466,Sunny,7.920019327712304
455,2022-01-19 22:00:00,5,19.999923019865125,51.61101946114549,Stormy,2.6601959781465756
456,2022-01-19 23:00:00,2,40.40096948663111,23.156762631271945,Rainy,3.1747352674861906
457,2022-01-20 00:00:00,1,17.82585434818084,58.04368299894613,Stormy,18.98546212491234
458,2022-01-20 01:00:00,4,43.7127888804214,63.44196671661305,Sunny,17.592029934235242
459,2022-01-20 02:00:00,2,10.425406614143572,38.21997888825677,Rainy,18.140839208300438
460,2022-01-20 03:00:00,4,43.94575893476737,97.1223077732411,Windy,19.83065551654773
461,2022-01-20 04:00:00,6,11.510596918270164,92.75636887497936,Rainy,4.166307800170359
462,2022-01-20 05:00:00,5,41.19000897943249,77.77145883647248,Sunny,7.1087867472812345
463,2022-01-20 06:00:00,5,28.469538818020496,62.670930301229006,Windy,13.384380598497334
464,2022-01-20 07:00:00,5,44.753767864175515,89.5975327718148,Windy,9.676050797212945
465,2022-01-20 08:00:00,3,12.58287976573896,30.452187505877035,Rainy,8.36779066756667
466,2022-01-20 09:00:00,4,29.384899954046226,83.2407835419908,Cloudy,7.156224986711861
467,2022-01-20 10:00:00,5,43.92558874666847,29.985665117347864,Sunny,11.875612638869043
468,2022-01-20 11:00:00,6,28.30842454595521,83.53685300395243,Sunny,11.51186857280164
469,2022-01-20 12:00:00,5,32.028952334734186,42.06140546010856,Cloudy,3.2291566812848016
470,2022-01-20 13:00:00,4,34.3512041144616,90.16724648145511,Stormy,9.43479675036878
471,2022-01-20 14:00:00,5,25.908937266872062,95.52336750603183,Stormy,11.069435524196997
472,2022-01-20 15:00:00,4,31.96453280294222,31.90367755240925,Sunny,11.40573877462781
473,2022-01-20 16:00:00,2,30.45100091730851,57.01404840523148,Cloudy,4.202143858247036
474,2022-01-20 17:00:00,6,41.540530367184616,98.47899025301481,Cloudy,14.845427845045736
475,2022-01-20 18:00:00,4,11.590623311951026,58.67259487785173,Windy,0.5039818964213927
476,2022-01-20 19:00:00,4,19.83371163572806,89.08380180116362,Stormy,7.096637110863253
477,2022-01-20 20:00:00,3,43.264401942679555,67.09852177050558,Stormy,15.604252970712672
478,2022-01-20 21:00:00,2,41.159232436182066,50.02639263356815,Windy,11.277858421108046
479,2022-01-20 22:00:00,6,25.947986347499953,42.862684442069614,Rainy,5.223248650217204
480,2022-01-20 23:00:00,3,31.704640923053784,36.257847286886985,Stormy,13.899062386860955
481,2022-01-21 00:00:00,5,19.70834140433964,80.94385531021578,Windy,11.347818883121468
482,2022-01-21 01:00:00,4,16.584240590331646,50.92324054584223,Cloudy,15.924872189127743
483,2022-01-21 02:00:00,6,26.229444172899374,60.90203697606009,Rainy,14.700503723796468
484,2022-01-21 03:00:00,2,22.36732798091185,59.386038400094556,Sunny,12.202158440724693
485,2022-01-21 04:00:00,3,30.427963914780523,66.1823223386505,Cloudy,9.76355350621628
486,2022-01-21 05:00:00,4,12.720712293774469,89.24617164996418,Rainy,2.663642513350468
487,2022-01-21 06:00:00,1,44.10381826831583,98.45914748667435,Windy,5.226660357707676
488,2022-01-21 07:00:00,6,44.5173760567861,52.606736685905354,Cloudy,8.381989458341705
489,2022-01-21 08:00:00,3,34.43565999069108,86.20151376850424,Rainy,11.985985740127774
490,2022-01-21 09:00:00,2,28.763372822044214,81.16222357237741,Sunny,10.274157104306097
491,2022-01-21 10:00:00,3,20.83346657002147,65.88231611644586,Cloudy,5.76369051919059
492,2022-01-21 11:00:00,3,38.48282568974321,96.48377148895464,Cloudy,0.12928715579421102
493,2022-01-21 12:00:00,3,33.96559103938577,36.037961242272225,Stormy,9.924784438016278
494,2022-01-21 13:00:00,5,15.691592877071194,28.74113682476971,Rainy,5.712519771244862
495,2022-01-21 14:00:00,1,41.88245145728449,88.31695735643378,Rainy,14.692166014210702
496,2022-01-21 15:00:00,2,38.78880350231091,55.13198533069986,Stormy,0.4789253054096698
497,2022-01-21 16:00:00,2,43.242996965217344,87.75750833656484,Windy,11.696556226115817
498,2022-01-21 17:00:00,2,35.4001827935926,91.44721641563319,Windy,18.82948475012131
499,2022-01-21 18:00:00,4,31.469531857752646,24.996607489525715,Stormy,3.48818534222999
500,2022-01-21 19:00:00,6,24.63850627017166,90.67718103888485,Cloudy,9.432989815011908
501,2022-01-21 20:00:00,2,42.64549691739047,55.86552442955377,Sunny,1.8284398363427634
502,2022-01-21 21:00:00,6,40.31223613251429,60.83459912033858,Windy,12.513638245227053
503,2022-01-21 22:00:00,2,11.58265345371663,70.12740088745682,Sunny,11.010633611924511
504,2022-01-21 23:00:00,1,10.92284410740382,94.11060853840694,Rainy,8.147310484256646
505,2022-01-22 00:00:00,4,23.176217840731738,21.52928755438112,Rainy,10.427540429474824
506,2022-01-22 01:00:00,4,38.36936657736415,58.14747746542537,Windy,17.931493169380204
507,2022-01-22 02:00:00,3,44.55466452602305,75.01776339444486,Cloudy,3.9258860462213407
508,2022-01-22 03:00:00,5,15.264591188623486,77.81655661585827,Rainy,0.4512902341069447
509,2022-01-22 04:00:00,4,30.79457503732473,75.40259452296864,Sunny,17.23329769398202
510,2022-01-22 05:00:00,4,23.331179982085754,30.75481035264975,Cloudy,11.54234164775813
511,2022-01-22 06:00:00,1,43.94700392351111,43.9516470697345,Windy,17.81316910923685
512,2022-01-22 07:00:00,2,39.4741623097498,48.69724203336108,Rainy,11.938904468263452
513,2022-01-22 08:00:00,4,39.341504664889825,84.3549766143604,Windy,16.20322179919405
514,2022-01-22 09:00:00,4,26.40426059282396,42.30078979316424,Cloudy,8.593467267102959
515,2022-01-22 10:00:00,5,24.518682581818283,36.85639710937625,Cloudy,14.997198625765375
516,2022-01-22 11:00:00,6,19.569247517574716,96.5958415230477,Cloudy,18.26082933779712
517,2022-01-22 12:00:00,1,11.973142382782449,20.709062809077512,Stormy,11.442459274444126
518,2022-01-22 13:00:00,5,40.265283168926864,99.82566845455825,Stormy,3.6157030112475907
519,2022-01-22 14:00:00,4,38.45153531955272,74.14570390859166,Sunny,5.375952300603963
520,2022-01-22 15:00:00,4,44.99011856501457,86.27754395592936,Cloudy,3.9728915379481156
521,2022-01-22 16:00:00,1,44.88228929758669,43.56955170769545,Cloudy,4.937140551914658
522,2022-01-22 17:00:00,3,29.44010969609196,21.145222213364796,Rainy,6.128308987020727
523,2022-01-22 18:00:00,3,36.91455953131786,79.0295614849224,Sunny,11.10267573506377
524,2022-01-22 19:00:00,4,43.06680054588498,86.73156776005406,Sunny,11.759832589276655
525,2022-01-22 20:00:00,4,39.737658673709404,79.23809055628153,Windy,8.529994944837222
526,2022-01-22 21:00:00,5,18.65718356101192,31.428022984067088,Cloudy,12.308415596416708
527,2022-01-22 22:00:00,6,25.76904473585327,80.27423378055752,Rainy,1.6314985122273185
528,2022-01-22 23:00:00,6,14.520579530302324,81.51382256861127,Windy,1.7557647411631994
529,2022-01-23 00:00:00,5,43.39178595405528,72.6832412536044,Stormy,3.436589207153169
530,2022-01-23 01:00:00,5,31.216112205780803,81.28927462364689,Cloudy,10.361549960806895
531,2022-01-23 02:00:00,2,18.002498192621196,87.67371517421857,Sunny,4.279893573966271
532,2022-01-23 03:00:00,4,33.50952395420499,69.08832913899667,Cloudy,5.665688069851546
533,2022-01-23 04:00:00,2,31.634488416026354,27.088377117574325,Cloudy,8.006256723459881
534,2022-01-23 05:00:00,3,22.535695131149417,59.01022477337687,Stormy,16.237322480207595
535,2022-01-23 06:00:00,4,13.974515726987015,26.211946773728407,Rainy,0.27724271825720237
536,2022-01-23 07:00:00,4,33.50506184574799,52.60344248259447,Rainy,12.987576404732447
537,2022-01-23 08:00:00,1,28.210769531632767,52.56851913005021,Rainy,13.377530620813706
538,2022-01-23 09:00:00,4,37.03114371074737,25.280787531219325,Windy,15.97311560713273
539,2022-01-23 10:00:00,3,28.20572253891977,47.905642717558344,Rainy,18.655058781206264
540,2022-01-23 11:00:00,6,39.826352511148905,28.879847903305187,Windy,0.40275697898579654
541,2022-01-23 12:00:00,6,29.316739357106993,84.65881680073777,Stormy,3.0756741102643237
542,2022-01-23 13:00:00,4,29.632829003738518,95.81504207715766,Cloudy,17.723425881119862
543,2022-01-23 14:00:00,6,40.682876093042076,25.78531802063509,Windy,9.170371243740307
544,2022-01-23 15:00:00,2,24.121900317433898,96.40921658333612,Stormy,11.29181277866927
545,2022-01-23 16:00:00,4,14.690532995772426,61.80612794693961,Windy,13.260544074462947
546,2022-01-23 17:00:00,2,11.007393670966865,43.96525423630991,Stormy,13.581332089912747
547,2022-01-23 18:00:00,5,36.42980394857666,26.14896602209308,Rainy,18.634808066330166
548,2022-01-23 19:00:00,5,31.710834297371264,60.04994144563342,Rainy,19.938988348233394
549,2022-01-23 20:00:00,1,34.642791883472825,83.56124355925989,Stormy,14.403149218618804
550,2022-01-23 21:00:00,4,17.453745652811875,76.56691818133585,Sunny,5.744424184103016
551,2022-01-23 22:00:00,5,14.773001645536942,24.0180809171179,Stormy,17.595048045886873
552,2022-01-23 23:00:00,5,10.509063298375867,25.832146829432283,Windy,0.9844182908152321
553,2022-01-24 00:00:00,6,22.270564558230895,52.229862610610965,Stormy,4.6216170574899245
554,2022-01-24 01:00:00,1,30.64711903991216,43.623239523835466,Cloudy,17.947714349274296
555,2022-01-24 02:00:00,1,23.72854157849063,38.59074584448383,Sunny,5.123830288787099
556,2022-01-24 03:00:00,6,25.31162227083052,42.48035991269709,Stormy,4.41302119243497
557,2022-01-24 04:00:00,4,41.645554307281195,84.27861946375077,Sunny,2.762505862804945
558,2022-01-24 05:00:00,2,22.188941345815515,94.33824429054832,Sunny,17.18223515293833
559,2022-01-24 06:00:00,4,27.989632120593377,52.408215562205314,Stormy,10.001165183821733
560,2022-01-24 07:00:00,2,37.42785544594001,92.48888017059977,Stormy,13.497864061083096
561,2022-01-24 08:00:00,1,23.878997381244456,45.71965609983056,Rainy,4.781327681500594
562,2022-01-24 09:00:00,3,31.773034507975574,58.11495890750333,Stormy,15.16080842022433
563,2022-01-24 10:00:00,4,40.18272980613608,38.08231982527998,Stormy,15.20011089924197
564,2022-01-24 11:00:00,3,43.23322182801748,71.23808337406751,Rainy,6.251960498166003
565,2022-01-24 12:00:00,2,15.147571832516327,98.31848921398472,Rainy,8.213652660205657
566,2022-01-24 13:00:00,4,42.43056688065231,68.2794476834703,Cloudy,4.193805548604017
567,2022-01-24 14:00:00,3,27.224070257783836,48.62512672908391,Stormy,19.531220466458088
568,2022-01-24 15:00:00,3,19.038553590463543,71.82539567924226,Windy,12.912051541168232
569,2022-01-24 16:00:00,4,26.069751468339145,29.833654277231005,Sunny,18.69087761431031
570,2022-01-24 17:00:00,3,44.3011401349917,91.09272642123189,Rainy,6.067710872582664
571,2022-01-24 18:00:00,4,27.241633289750435,60.24671606238691,Stormy,15.637818259937795
572,2022-01-24 19:00:00,3,21.506306360062787,55.94797936317136,Windy,15.31717287769484
573,2022-01-24 20:00:00,1,32.1690299010854,66.86918307628153,Sunny,13.83311303733083
574,2022-01-24 21:00:00,4,18.405096657236758,69.9827090231522,Stormy,19.31277950533601
575,2022-01-24 22:00:00,1,12.655216483803237,25.742064498121042,Windy,7.871106722126311
576,2022-01-24 23:00:00,6,14.510790266872723,74.60937769787219,Sunny,2.614346471795146
577,2022-01-25 00:00:00,5,14.481604363522035,39.35453442524236,Windy,13.434177184881214
578,2022-01-25 01:00:00,1,15.316594272930303,77.11621060052718,Rainy,14.586196009544123
579,2022-01-25 02:00:00,3,14.858951042729355,85.80278355073574,Stormy,11.501211469176294
580,2022-01-25 03:00:00,2,32.43061606811251,84.31668060420162,Windy,4.136357862667925
581,2022-01-25 04:00:00,6,16.365802953970068,64.20007739263113,Windy,10.089118833387108
582,2022-01-25 05:00:00,1,22.09835491633521,61.613591384860094,Stormy,6.243794731382588
583,2022-01-25 06:00:00,6,41.387594346710415,31.430076907152937,Sunny,8.54933056333378
584,2022-01-25 07:00:00,1,26.588657409200533,82.02769203225085,Stormy,12.904371516893278
585,2022-01-25 08:00:00,1,33.364520848235955,41.71275043573715,Windy,14.90429485381669
586,2022-01-25 09:00:00,2,16.031195492057044,59.73563382543573,Cloudy,4.644493818026863
587,2022-01-25 10:00:00,2,16.730115658303475,42.74192743420134,Sunny,8.106507212939068
588,2022-01-25 11:00:00,1,11.43040156932676,30.706269039975453,Windy,5.383231419832583
589,2022-01-25 12:00:00,5,15.912727207525759,70.36461575133893,Cloudy,3.9726322772373823
590,2022-01-25 13:00:00,2,19.750661866118552,24.346562785832305,Sunny,15.667744399916767
591,2022-01-25 14:00:00,2,16.19536694968614,79.891618730096,Rainy,18.185053888739848
592,2022-01-25 15:00:00,2,13.104588681496946,45.406943620889336,Stormy,7.404643713691534
593,2022-01-25 16:00:00,4,14.222255488521029,20.010775440358827,Sunny,15.025578487475338
594,2022-01-25 17:00:00,6,26.127256881145403,60.89033113897838,Sunny,17.93990578728822
595,2022-01-25 18:00:00,1,17.221680144202736,23.74815268220825,Windy,16.92248421060463
596,2022-01-25 19:00:00,5,22.749445136682642,42.09356462567196,Cloudy,3.656267770784518
597,2022-01-25 20:00:00,2,27.619604479919992,76.5581189964573,Sunny,19.125837630267227
598,2022-01-25 21:00:00,4,34.163819002027786,25.015169729749267,Stormy,7.533528808589249
599,2022-01-25 22:00:00,6,11.375924894438462,87.1470793884802,Sunny,6.784813223476727
600,2022-01-25 23:00:00,3,37.97936396181649,20.30559381268665,Sunny,1.2486265455556067
601,2022-01-26 00:00:00,3,31.97651363218177,39.74590953615218,Windy,9.72347308209766
602,2022-01-26 01:00:00,2,12.861566118210517,79.27232449216572,Sunny,2.180272312818574
603,2022-01-26 02:00:00,5,40.575251843737206,45.30161197834454,Cloudy,4.97079641854852
604,2022-01-26 03:00:00,5,42.23053401861346,28.15139104528108,Windy,6.338852435345627
605,2022-01-26 04:00:00,6,12.137728594920231,48.81871350403423,Rainy,16.176526469833682
606,2022-01-26 05:00:00,6,19.69071768515213,41.63146291076204,Rainy,17.50977300791793
607,2022-01-26 06:00:00,1,38.21704479275715,87.41695217284439,Windy,6.049326349229394
608,2022-01-26 07:00:00,2,36.189089163428044,45.06783340681145,Cloudy,17.173962424891478
609,2022-01-26 08:00:00,3,16.458235677473205,83.11459774208058,Windy,17.14461874739582
610,2022-01-26 09:00:00,1,17.32722631678486,91.34977158485879,Windy,15.29301900769747
611,2022-01-26 10:00:00,5,22.96652359769837,54.70539356612236,Windy,2.9339022803036308
612,2022-01-26 11:00:00,1,26.958304481685747,92.79545150835136,Windy,13.80645693801458
613,2022-01-26 12:00:00,3,31.63891700356036,50.18544431705543,Sunny,18.900481291611374
614,2022-01-26 13:00:00,5,22.911977384942034,97.12627331920865,Stormy,13.65080957534314
615,2022-01-26 14:00:00,6,26.188715064660176,27.143161962045834,Rainy,6.632336982156679
616,2022-01-26 15:00:00,4,36.16148283468148,74.96154132025941,Cloudy,10.011586348616625
617,2022-01-26 16:00:00,4,11.283912101170927,59.5051232365543,Sunny,12.914500867021072
618,2022-01-26 17:00:00,6,18.835293052040726,51.011904436451765,Rainy,10.21140817457007
619,2022-01-26 18:00:00,2,34.96723550595934,70.61695029988807,Stormy,2.3990588346193964
620,2022-01-26 19:00:00,1,41.33223931905198,76.3085673307465,Windy,6.241280893040413
621,2022-01-26 20:00:00,5,27.908710474048313,20.349061572024727,Stormy,16.04792061107265
622,2022-01-26 21:00:00,6,28.623971984286047,33.3562470997759,Rainy,17.228360921910348
623,2022-01-26 22:00:00,6,13.751020396892162,77.0436840507455,Rainy,2.7460006543114046
624,2022-01-26 23:00:00,2,25.659432838820912,73.31083308625651,Sunny,19.04773504797449
625,2022-01-27 00:00:00,1,28.64160432592581,97.28380041029418,Sunny,6.576452356972187
626,2022-01-27 01:00:00,6,18.48646762721554,80.88302322006264,Cloudy,13.246274774614399
627,2022-01-27 02:00:00,3,19.423513083228336,96.06181661850704,Windy,15.036502919133623
628,2022-01-27 03:00:00,6,23.204945708661793,76.20324012278456,Stormy,16.238924692757667
629,2022-01-27 04:00:00,5,10.702491922220423,43.844176691155454,Windy,18.914994044518604
630,2022-01-27 05:00:00,1,21.27277079541124,28.429193780068516,Stormy,6.2583909605764525
631,2022-01-27 06:00:00,5,17.400680244879062,82.54590906759485,Windy,17.17012909103109
632,2022-01-27 07:00:00,1,21.462407326227012,71.53193771807327,Rainy,2.6337380687241407
633,2022-01-27 08:00:00,3,14.191674613673793,23.8548809914637,Rainy,14.100818127071854
634,2022-01-27 09:00:00,5,41.16845482589632,48.80403727207827,Windy,14.839554590279718
635,2022-01-27 10:00:00,4,30.775735874391703,96.54398523874289,Cloudy,13.55446482402641
636,2022-01-27 11:00:00,6,33.76858117005713,60.0320916568161,Rainy,5.04629472270306
637,2022-01-27 12:00:00,3,37.62099335125684,54.61833088157637,Cloudy,17.460862940304068
638,2022-01-27 13:00:00,1,27.445476962517006,56.61596841274352,Rainy,3.3771692674079
639,2022-01-27 14:00:00,5,13.042210083059828,36.7106179204131,Sunny,1.0726958304166168
640,2022-01-27 15:00:00,6,28.79872896364917,49.49657366918362,Sunny,14.349299812238243
641,2022-01-27 16:00:00,3,30.53943913073077,49.58506047897413,Windy,9.509514304654674
642,2022-01-27 17:00:00,1,36.09038159645155,24.188401614997794,Stormy,16.98196039917352
643,2022-01-27 18:00:00,4,25.10808411803878,81.40541028143346,Sunny,7.667942821165179
644,2022-01-27 19:00:00,4,14.46531059784473,53.32035455231032,Rainy,3.3655717701542565
645,2022-01-27 20:00:00,1,19.932156702955357,85.77439094531387,Rainy,16.728843849397393
646,2022-01-27 21:00:00,4,22.70788037395223,88.02784008959163,Sunny,10.978192632801434
647,2022-01-27 22:00:00,3,32.60710344660605,36.95952437589264,Sunny,3.7839158478070978
648,2022-01-27 23:00:00,6,29.977240663411916,72.58827857361028,Stormy,14.407679971728914
649,2022-01-28 00:00:00,4,22.46338540642462,57.78254433303854,Sunny,10.22227276979001
650,2022-01-28 01:00:00,6,44.52803370775429,90.4125390337188,Windy,12.086259644806397
651,2022-01-28 02:00:00,2,31.20211867749105,37.25925433411633,Stormy,9.217966764131639
652,2022-01-28 03:00:00,4,18.302937710759807,74.22505602480354,Sunny,16.574179676360128
653,2022-01-28 04:00:00,2,13.562386541714131,68.62016978021781,Rainy,16.591254313660997
654,2022-01-28 05:00:00,6,15.35006987145162,43.624118205746626,Sunny,14.187776436487724
655,2022-01-28 06:00:00,5,18.608520493457785,30.92807229209381,Windy,2.1080275479292454
656,2022-01-28 07:00:00,6,15.623848064084449,72.13118083818213,Windy,16.777077238081375
657,2022-01-28 08:00:00,3,16.5298458417957,79.08779665058645,Rainy,13.420259610658196
658,2022-01-28 09:00:00,5,19.978330904284647,45.250187501068,Stormy,13.94048332008599
659,2022-01-28 10:00:00,5,16.06807583531642,71.5866083217851,Rainy,7.259656808077432
660,2022-01-28 11:00:00,4,41.38678986192488,51.61047260892026,Sunny,17.585591123140134
661,2022-01-28 12:00:00,4,12.808181098157476,77.05655066260942,Rainy,14.507432004697149
662,2022-01-28 13:00:00,4,28.357898634958914,35.93722199152425,Stormy,2.2518093305838893
663,2022-01-28 14:00:00,6,24.363888944638155,91.21720021089395,Cloudy,8.155560688123254
664,2022-01-28 15:00:00,5,44.383251591801226,42.99276771724638,Rainy,17.727607239202833
665,2022-01-28 16:00:00,3,13.921361575881832,49.42287902049223,Stormy,0.9439340339475799
666,2022-01-28 17:00:00,3,23.92494596660096,24.647356166427983,Cloudy,19.22833239284099
667,2022-01-28 18:00:00,2,43.93146516463791,28.92097698570211,Stormy,13.583251366391256
668,2022-01-28 19:00:00,1,40.29274940628931,61.26895221698625,Stormy,12.627519552867533
669,2022-01-28 20:00:00,3,38.59752248322479,41.40741413823772,Cloudy,5.4111851297598275
670,2022-01-28 21:00:00,4,19.026598946572896,86.83841805937556,Rainy,4.975835774783541
671,2022-01-28 22:00:00,2,15.981065558652304,21.175471092396307,Cloudy,18.841164389771908
672,2022-01-28 23:00:00,4,33.402512697355085,50.32752389375489,Rainy,5.965449084682454
673,2022-01-29 00:00:00,5,42.528159619465505,46.987643741527414,Stormy,15.510105934379988
674,2022-01-29 01:00:00,5,29.486701255487542,21.54621047340808,Rainy,7.862435964141583
675,2022-01-29 02:00:00,6,30.006444131446493,29.949471920040818,Windy,2.7850814156940795
676,2022-01-29 03:00:00,4,19.799268278109945,53.09141399349082,Cloudy,0.214305953907179
677,2022-01-29 04:00:00,3,36.93225266171779,59.429166755795734,Cloudy,10.885146740305016
678,2022-01-29 05:00:00,1,16.546531199513318,52.34317978038953,Sunny,19.515576370978653
679,2022-01-29 06:00:00,4,21.328773274148528,62.475014272967506,Stormy,7.382723876184089
680,2022-01-29 07:00:00,3,24.890275351574587,67.61053399245452,Stormy,7.143846679860896
681,2022-01-29 08:00:00,2,27.766363253955927,20.79390569022685,Rainy,6.881832356988841
682,2022-01-29 09:00:00,4,18.484340634527808,57.127612756280314,Windy,10.410876746097168
683,2022-01-29 10:00:00,2,14.019288865872124,97.07993927100706,Stormy,8.813297668485871
684,2022-01-29 11:00:00,3,31.37170148545714,61.522582410363896,Windy,17.59829253454029
685,2022-01-29 12:00:00,3,20.10206936340895,74.20338139671625,Sunny,10.110415834469805
686,2022-01-29 13:00:00,3,30.34333774979143,44.949108633350654,Cloudy,10.155156763771377
687,2022-01-29 14:00:00,3,15.40269503459708,81.91931025222101,Windy,2.767431894411132
688,2022-01-29 15:00:00,5,26.83990356491861,81.8337185500892,Stormy,19.65479081820772
689,2022-01-29 16:00:00,6,28.640630139305504,61.703683812331114,Cloudy,4.999457817376594
690,2022-01-29 17:00:00,3,11.813823788784942,98.08110586233708,Windy,1.4672813491920533
691,2022-01-29 18:00:00,5,21.78114973678722,30.044017181012272,Windy,13.262924979504175
692,2022-01-29 19:00:00,1,14.704513692864099,21.35581319116648,Rainy,11.907327403137453
693,2022-01-29 20:00:00,5,12.218123966546871,81.61265694056767,Cloudy,8.302913079854914
694,2022-01-29 21:00:00,2,44.64860813364808,84.5724429891906,Windy,8.443844677613562
695,2022-01-29 22:00:00,1,21.282384574115305,29.6165783296461,Rainy,15.701278420928624
696,2022-01-29 23:00:00,2,38.34560560491222,41.24662663668849,Stormy,3.914252801992981
697,2022-01-30 00:00:00,6,18.912422916731735,21.404189069330315,Windy,16.405066378897793
698,2022-01-30 01:00:00,4,33.85259527783752,43.46468886244517,Rainy,12.974942277900363
699,2022-01-30 02:00:00,4,36.60797509613903,81.85134991349372,Rainy,8.379395475590488
700,2022-01-30 03:00:00,5,30.84735592127455,61.436842217006316,Cloudy,9.160572331677372
701,2022-01-30 04:00:00,2,26.505166599255542,47.84764745346305,Rainy,5.132944143721916
702,2022-01-30 05:00:00,6,24.4144319951544,49.73914359250642,Windy,15.042286653939495
703,2022-01-30 06:00:00,4,22.210389329004833,20.108290057237454,Sunny,10.257494846105356
704,2022-01-30 07:00:00,6,42.53352004867391,43.98404220521887,Stormy,6.4170908549968715
705,2022-01-30 08:00:00,6,39.07167927257052,71.71669933103445,Windy,11.921002315219004
706,2022-01-30 09:00:00,4,43.77594187332794,97.93555550530857,Windy,19.91468904102646
707,2022-01-30 10:00:00,4,14.350402821994066,87.76486615871195,Stormy,8.705245593131076
708,2022-01-30 11:00:00,1,35.58036163212755,21.88759717164233,Stormy,18.413828015572392
709,2022-01-30 12:00:00,1,42.841915988736325,91.88484837398715,Rainy,6.900336798491322
710,2022-01-30 13:00:00,3,16.343157315798106,82.65587306389008,Windy,1.0946541384997177
711,2022-01-30 14:00:00,2,12.327369357837213,82.43008988567843,Rainy,4.084842127368578
712,2022-01-30 15:00:00,4,35.939222725152064,56.63966072028572,Cloudy,8.373902866553685
713,2022-01-30 16:00:00,6,30.106558961296916,51.840423436360226,Rainy,4.39269857189138
714,2022-01-30 17:00:00,2,39.46400718653952,44.23325830665541,Cloudy,0.00454076436511075
715,2022-01-30 18:00:00,3,14.892033181920132,25.255588716349262,Sunny,18.300030754950544
716,2022-01-30 19:00:00,6,37.834355915096154,38.258829079495925,Windy,16.87758822461858
717,2022-01-30 20:00:00,5,17.056956201671056,39.72829079824197,Cloudy,14.845844629738941
718,2022-01-30 21:00:00,3,15.727958000299658,58.72616557681613,Sunny,3.3562919129205726
719,2022-01-30 22:00:00,4,15.749302927584754,79.79555252773551,Stormy,2.407271524199721
720,2022-01-30 23:00:00,5,38.51011520809837,57.90478627183573,Rainy,1.352094989447663
721,2022-01-31 00:00:00,5,33.281902724367,24.62755595577285,Sunny,14.480583775458424
722,2022-01-31 01:00:00,3,28.307289866919177,96.62318407905632,Cloudy,18.576159213757705
723,2022-01-31 02:00:00,4,22.559066944322588,95.41794552752899,Windy,8.61071641826074
724,2022-01-31 03:00:00,6,40.70201892845879,82.81516345187268,Stormy,2.3828134399209633
725,2022-01-31 04:00:00,5,23.73557875979224,99.30623212513764,Stormy,10.247856414642131
726,2022-01-31 05:00:00,3,38.5809803815052,63.55858662402103,Sunny,6.976638149172603
727,2022-01-31 06:00:00,3,25.369721799957645,97.02146802025649,Sunny,7.496498486999954
728,2022-01-31 07:00:00,6,23.193055029871765,26.048403249340062,Rainy,12.426612483114145
729,2022-01-31 08:00:00,4,26.193792498436224,49.254459860909705,Stormy,14.374362265244047
730,2022-01-31 09:00:00,3,20.548225595744974,38.030501440541265,Stormy,2.212071977463217
731,2022-01-31 10:00:00,3,36.16632830616879,35.666646730741604,Rainy,0.7118046161295277
732,2022-01-31 11:00:00,3,27.59521365323677,31.264235911414087,Windy,19.886606053714296
733,2022-01-31 12:00:00,2,18.127444330138605,69.79309132527973,Rainy,4.654566978311037
734,2022-01-31 13:00:00,1,41.4851100646099,82.5057484597844,Cloudy,1.0766104981691815
735,2022-01-31 14:00:00,6,23.4361927480624,66.26387195362885,Cloudy,3.7975065819183995
736,2022-01-31 15:00:00,2,29.0243501389896,31.757016767056776,Sunny,0.7791569269692844
737,2022-01-31 16:00:00,3,41.72652388375914,84.88990159467767,Rainy,7.836217892343433
738,2022-01-31 17:00:00,1,31.84832985698972,70.87637657309827,Rainy,16.048035689026484
739,2022-01-31 18:00:00,6,14.091431424792741,51.05325649015964,Sunny,6.824888995154412
740,2022-01-31 19:00:00,5,42.894124326471626,73.93042364288505,Windy,8.88366813756733
741,2022-01-31 20:00:00,6,31.969781857499626,40.792398339426626,Rainy,13.511735471348775
742,2022-01-31 21:00:00,2,21.721696512998015,47.61537667953684,Stormy,10.177881401397604
743,2022-01-31 22:00:00,2,14.874522543218553,93.39886745055922,Rainy,17.228913720426483
744,2022-01-31 23:00:00,2,37.790881624460354,43.240360453713635,Windy,17.32071350091513
745,2022-02-01 00:00:00,6,31.702546457497974,57.59906145263493,Rainy,0.19821390982307285
746,2022-02-01 01:00:00,4,28.671138219171254,91.21129099168117,Stormy,15.560926129663983
747,2022-02-01 02:00:00,3,41.28624040678352,76.6177080214022,Cloudy,9.214672004833478
748,2022-02-01 03:00:00,6,37.60090239285857,24.97625809317622,Cloudy,19.776810826073262
749,2022-02-01 04:00:00,5,15.308620790646291,31.784243542317625,Windy,9.664641517508702
750,2022-02-01 05:00:00,5,20.91027237284419,20.627327261753344,Windy,19.737918907765952
751,2022-02-01 06:00:00,5,18.6971198935063,70.47374321833307,Stormy,15.091387224114731
752,2022-02-01 07:00:00,3,36.038120240043696,55.81387403283347,Cloudy,4.972097692266127
753,2022-02-01 08:00:00,1,11.173635215752277,30.741988072182043,Cloudy,10.767899585739153
754,2022-02-01 09:00:00,2,29.94613897049608,96.63472968454164,Cloudy,19.842712789571657
755,2022-02-01 10:00:00,3,36.68605400092417,62.37277791564959,Cloudy,17.150612155038473
756,2022-02-01 11:00:00,2,40.68679728666123,39.351463529031136,Stormy,1.947337875824422
757,2022-02-01 12:00:00,3,21.97286120505676,60.0482856923766,Windy,14.127439936199922
758,2022-02-01 13:00:00,2,38.744005663520454,74.36962661880862,Windy,6.911591717416261
759,2022-02-01 14:00:00,3,13.872110793432253,26.099137437885158,Sunny,0.13964523760696235
760,2022-02-01 15:00:00,1,39.62583021070814,41.97630520383136,Windy,8.069619380539992
761,2022-02-01 16:00:00,6,14.462103181619383,84.55723927071949,Cloudy,4.695088434499426
762,2022-02-01 17:00:00,5,23.905055169612854,56.7731896322129,Rainy,16.37738541040943
763,2022-02-01 18:00:00,2,37.90533780228438,63.72617136258359,Cloudy,6.74661217691531
764,2022-02-01 19:00:00,3,15.247109957207083,54.62528017675754,Cloudy,16.550473879076343
765,2022-02-01 20:00:00,1,18.02379883314245,23.51199541144041,Windy,0.01195877669590617
766,2022-02-01 21:00:00,1,35.27883989375732,33.259982385612474,Sunny,6.156383000522383
767,2022-02-01 22:00:00,5,35.2012787791126,55.64333109935127,Stormy,4.823304286155238
768,2022-02-01 23:00:00,3,32.4401671509854,36.73483723263423,Rainy,4.671347221372219
769,2022-02-02 00:00:00,6,34.2881955563485,23.998322292774297,Rainy,1.363732395309254
770,2022-02-02 01:00:00,2,28.995355517165866,87.4919731241459,Sunny,3.7424854082100345
771,2022-02-02 02:00:00,6,18.812967061743347,98.49540233312926,Cloudy,11.110991397712397
772,2022-02-02 03:00:00,4,22.09935977263718,83.45142991973916,Stormy,5.82722145675489
773,2022-02-02 04:00:00,1,16.3559200880499,88.30279373637336,Stormy,8.347895646582959
774,2022-02-02 05:00:00,1,41.79576964667699,39.35817042536363,Stormy,7.537337606943771
775,2022-02-02 06:00:00,5,30.418712816814217,96.85015804105598,Windy,17.51809849999789
776,2022-02-02 07:00:00,3,24.029799586727396,35.75405635627427,Cloudy,18.10597998021031
777,2022-02-02 08:00:00,4,26.170203127544642,96.11438482894658,Rainy,9.859139433117202
778,2022-02-02 09:00:00,4,43.15491688641354,99.58554351727608,Rainy,6.603119006312088
779,2022-02-02 10:00:00,4,15.367299109062806,76.9378244596839,Cloudy,2.1360140800472727
780,2022-02-02 11:00:00,3,30.518044120587902,98.49149854334576,Rainy,19.0680575876419
781,2022-02-02 12:00:00,2,27.70610376095631,65.56318236536829,Windy,1.204538898005949
782,2022-02-02 13:00:00,1,31.400898240212673,40.763342654087225,Stormy,5.953005551365608
783,2022-02-02 14:00:00,3,10.633856433729418,54.95967085324967,Rainy,5.961324023400083
784,2022-02-02 15:00:00,4,40.5243368130453,67.48487483030289,Windy,6.4080257228042985
785,2022-02-02 16:00:00,1,42.624139886926436,25.846524962161197,Stormy,3.2857368654481856
786,2022-02-02 17:00:00,1,29.77966142562231,69.7874611693797,Cloudy,15.663228618473944
787,2022-02-02 18:00:00,4,34.38277883569123,98.49422694098357,Cloudy,2.4499572393197844
788,2022-02-02 19:00:00,4,42.28747834120535,35.20861198269821,Windy,12.698133183063256
789,2022-02-02 20:00:00,1,34.75335220096895,83.40760930307067,Windy,2.476920534116349
790,2022-02-02 21:00:00,5,15.338866501999147,92.63190350236955,Windy,1.4107127518591311
791,2022-02-02 22:00:00,6,30.170092605838462,95.49612742561766,Rainy,18.18859007371753
792,2022-02-02 23:00:00,6,31.235026623399957,96.81084835243578,Cloudy,3.8025753263741136
793,2022-02-03 00:00:00,1,24.84457349558351,61.71677109771775,Rainy,16.425003091194085
794,2022-02-03 01:00:00,2,35.7755482468653,98.1846326393203,Rainy,10.892617422142717
795,2022-02-03 02:00:00,2,42.70284551691552,80.58481657075511,Stormy,1.557130392175392
796,2022-02-03 03:00:00,5,42.39489795173717,32.93371489895695,Windy,19.10896382876135
797,2022-02-03 04:00:00,3,25.77937799914462,58.1520085174376,Rainy,4.9392233398378504
798,2022-02-03 05:00:00,1,13.963331604426434,77.46649402976033,Stormy,17.19290690705213
799,2022-02-03 06:00:00,2,44.46944196368171,39.787225265526665,Sunny,3.3762001156912835
800,2022-02-03 07:00:00,1,39.361433025607695,71.24921468391099,Stormy,17.078857642837058
801,2022-02-03 08:00:00,5,14.36319384211434,73.32803832372954,Sunny,0.2645762581058797
802,2022-02-03 09:00:00,4,42.22946589160803,33.01597950468527,Sunny,10.235609131389614
803,2022-02-03 10:00:00,5,40.44637267217449,65.2068249962205,Sunny,15.388851588431136
804,2022-02-03 11:00:00,5,28.159331999412522,81.7301528782886,Sunny,18.695910349855666
805,2022-02-03 12:00:00,5,30.694640251072524,59.91165316287535,Windy,18.18404272412974
806,2022-02-03 13:00:00,2,23.96509463545456,20.968249342088594,Rainy,16.392497390952897
807,2022-02-03 14:00:00,5,11.916657358771097,20.723077526343374,Rainy,17.763826993226083
808,2022-02-03 15:00:00,4,21.731903457606535,48.562347517600976,Sunny,3.98439371674153
809,2022-02-03 16:00:00,4,38.099870700930396,94.09552547454255,Rainy,5.683685914234575
810,2022-02-03 17:00:00,4,10.1621208051611,38.2941423682887,Sunny,5.77937049842117
811,2022-02-03 18:00:00,3,21.672471009190048,70.74909510973498,Rainy,7.541078620033977
812,2022-02-03 19:00:00,5,23.935904275683015,37.76606965546564,Stormy,7.866413407703774
813,2022-02-03 20:00:00,4,28.8088461028273,45.73359917276389,Windy,10.89110649309351
814,2022-02-03 21:00:00,3,42.19494657444662,87.84336716811872,Cloudy,3.1975952673288277
815,2022-02-03 22:00:00,5,22.122109802808644,78.30891538159575,Sunny,13.824933275719786
816,2022-02-03 23:00:00,5,22.14336206636797,27.63194218505685,Stormy,3.35133078609013
817,2022-02-04 00:00:00,1,35.81254368384119,54.296161678914686,Stormy,6.20616964209095
818,2022-02-04 01:00:00,5,25.82762793114325,22.333581091621156,Windy,10.06690261212308
819,2022-02-04 02:00:00,6,17.861168802899368,58.47121172824072,Windy,15.928811230469545
820,2022-02-04 03:00:00,1,25.83538306464427,72.99472093608544,Sunny,14.789384664774545
821,2022-02-04 04:00:00,2,14.929995713292996,29.480209887852126,Sunny,12.910687128210444
822,2022-02-04 05:00:00,6,16.173544527717816,43.11079511273326,Stormy,3.115465211603403
823,2022-02-04 06:00:00,2,27.442872045881792,51.826930040172556,Stormy,10.940906912311554
824,2022-02-04 07:00:00,3,24.662390732659176,93.56248197248398,Windy,1.748930035997709
825,2022-02-04 08:00:00,6,42.0196065373835,99.46040123383712,Sunny,7.547263535933015
826,2022-02-04 09:00:00,1,22.683786469082158,23.592903919649267,Sunny,8.270330605799183
827,2022-02-04 10:00:00,2,30.32059225973152,80.88063387963136,Stormy,0.7962287889150765
828,2022-02-04 11:00:00,2,32.12925007718356,49.73792531218746,Cloudy,5.479761989399437
829,2022-02-04 12:00:00,2,10.458305980591676,51.396654898358406,Stormy,19.112989345329787
830,2022-02-04 13:00:00,5,33.22380802058487,80.34119786776182,Cloudy,19.07265215659379
831,2022-02-04 14:00:00,1,16.2312588404413,93.4741145716327,Sunny,7.0465410850507855
832,2022-02-04 15:00:00,2,43.63746111143093,96.07428756020387,Stormy,0.8620021789664811
833,2022-02-04 16:00:00,1,15.203195471358953,66.16980688306566,Windy,3.581898786563631
834,2022-02-04 17:00:00,4,24.511844330445832,48.569692744040225,Rainy,7.844355868670803
835,2022-02-04 18:00:00,4,12.987238382752535,83.00392686870234,Sunny,18.955593959384597
836,2022-02-04 19:00:00,6,44.890598814608154,40.08011066098402,Sunny,2.8239812707436984
837,2022-02-04 20:00:00,5,27.57682536159349,65.12592230668142,Stormy,15.270316873364244
838,2022-02-04 21:00:00,4,30.838475606201534,48.68627692198985,Rainy,2.1736507874938416
839,2022-02-04 22:00:00,3,12.347676708594962,72.5304858966301,Rainy,19.62515154782554
840,2022-02-04 23:00:00,1,36.248616463971224,39.23191303148055,Rainy,7.6323299821827
841,2022-02-05 00:00:00,2,17.3466957583455,35.32743565878606,Stormy,15.504690777981121
842,2022-02-05 01:00:00,3,41.43190013042498,93.45912693403497,Stormy,6.851821656222636
843,2022-02-05 02:00:00,6,17.17988741687025,28.14429463596295,Cloudy,12.553377543176174
844,2022-02-05 03:00:00,3,16.67407022322833,60.47663261879453,Cloudy,3.8403216948007346
845,2022-02-05 04:00:00,6,11.27923837468332,37.668222637040714,Cloudy,2.920420385939251
846,2022-02-05 05:00:00,4,26.522343078849975,23.114397066053396,Windy,18.761282791362625
847,2022-02-05 06:00:00,1,29.769439664191573,22.881505463314113,Sunny,18.35294555808867
848,2022-02-05 07:00:00,6,12.299802379992332,34.01774176846619,Cloudy,17.749378804257645
849,2022-02-05 08:00:00,2,37.14346658432537,89.34162836048002,Windy,12.50866900333187
850,2022-02-05 09:00:00,3,25.86510921618097,42.598299518162136,Windy,16.165364224325565
851,2022-02-05 10:00:00,6,28.353659426465303,96.03673364602366,Stormy,1.3807387382274983
852,2022-02-05 11:00:00,5,25.426696142837983,66.52978343913549,Rainy,6.695780837813583
853,2022-02-05 12:00:00,6,24.02670713063641,54.92913518150129,Rainy,6.2740624951431245
854,2022-02-05 13:00:00,2,29.587411595787625,66.40710677355636,Cloudy,12.712906439052265
855,2022-02-05 14:00:00,4,15.433408607574938,61.33587081810142,Sunny,7.11915546941281
856,2022-02-05 15:00:00,1,16.36748456733449,80.70210030058601,Sunny,2.970135632873616
857,2022-02-05 16:00:00,5,40.162496735473106,42.59968527782818,Sunny,11.929341508270873
858,2022-02-05 17:00:00,2,43.11404117467715,48.24403132802419,Windy,16.28767841338163
859,2022-02-05 18:00:00,6,23.065826069791353,91.52754420266005,Windy,7.642469889199464
860,2022-02-05 19:00:00,2,19.476063560024382,95.71652105203243,Windy,2.645374301969634
861,2022-02-05 20:00:00,3,32.539984013365554,91.40465819891796,Stormy,3.933763946256461
862,2022-02-05 21:00:00,2,24.305695988433374,53.55583951658509,Windy,4.74966610338768
863,2022-02-05 22:00:00,1,10.88852244811207,82.42924024055054,Sunny,5.997951859890724
864,2022-02-05 23:00:00,1,15.465340907816662,58.1068586640879,Sunny,12.855901410126183
865,2022-02-06 00:00:00,2,35.05902800965892,59.80318817168818,Rainy,12.01890969075438
866,2022-02-06 01:00:00,3,33.062337966855296,36.374408724582715,Sunny,13.921597231340783
867,2022-02-06 02:00:00,5,10.948359737621923,67.29042426068132,Windy,7.250039690630263
868,2022-02-06 03:00:00,6,17.76902566765323,34.89087182026783,Windy,16.479953037599564
869,2022-02-06 04:00:00,5,18.0876178805825,46.5251759253755,Cloudy,4.081753223115205
870,2022-02-06 05:00:00,3,33.516246025955496,88.40241612959481,Stormy,9.380814950363078
871,2022-02-06 06:00:00,4,10.689868821402746,36.56606473686842,Sunny,16.018774430828607
872,2022-02-06 07:00:00,1,13.643800369460084,25.692662813874627,Stormy,3.603172954652385
873,2022-02-06 08:00:00,4,37.99706298806163,25.520607409025303,Sunny,2.197262274815659
874,2022-02-06 09:00:00,6,16.249063171901675,95.26276164024863,Rainy,17.673679353759795
875,2022-02-06 10:00:00,3,32.84611377481561,60.55363503694677,Rainy,6.8585932551839175
876,2022-02-06 11:00:00,6,18.33639733663543,52.752965745361465,Stormy,13.67740249818064
877,2022-02-06 12:00:00,4,13.48044874657708,84.87028648063347,Windy,0.5069720852787696
878,2022-02-06 13:00:00,3,18.51102668498089,86.86607423284129,Cloudy,13.800937768188993
879,2022-02-06 14:00:00,5,35.27934261494807,46.575282649248365,Sunny,6.322026230939411
880,2022-02-06 15:00:00,5,39.94937638372,75.48944459790363,Sunny,1.1148170717488348
881,2022-02-06 16:00:00,4,39.05769525984471,81.68982526815093,Cloudy,12.19625523096234
882,2022-02-06 17:00:00,4,23.90142353664592,72.37205494927636,Stormy,4.8160763214634645
883,2022-02-06 18:00:00,1,33.382979779972615,32.12760598400795,Stormy,7.7361448410376
884,2022-02-06 19:00:00,5,17.174450339553733,90.07064668136456,Sunny,1.6116162457302718
885,2022-02-06 20:00:00,1,20.260170559135464,63.12756421888069,Rainy,2.9432650218989065
886,2022-02-06 21:00:00,4,41.37175364823919,42.597794109600294,Cloudy,5.959544709916875
887,2022-02-06 22:00:00,6,10.455067322875761,54.01825483501551,Sunny,1.7951900112031427
888,2022-02-06 23:00:00,3,12.992798579906383,23.00568723191259,Rainy,18.216525293726306
889,2022-02-07 00:00:00,5,17.276018930110958,30.229344097793405,Stormy,0.12094086367956836
890,2022-02-07 01:00:00,3,10.92862713558369,81.24374004126886,Rainy,9.677204377286229
891,2022-02-07 02:00:00,1,16.350240228142905,20.000930780429293,Windy,2.464949162651029
892,2022-02-07 03:00:00,1,30.406454633939227,53.32526627858337,Sunny,6.15358178955897
893,2022-02-07 04:00:00,2,24.749859270737428,61.800814486847074,Cloudy,18.521191196365308
894,2022-02-07 05:00:00,6,41.24350988769412,24.370753600077784,Rainy,3.233891065479737
895,2022-02-07 06:00:00,5,38.61052466084543,97.84625303778662,Stormy,19.316646394366654
896,2022-02-07 07:00:00,5,21.963607309425658,38.09002649997375,Rainy,4.115887539788434
897,2022-02-07 08:00:00,1,19.07982017009524,44.33589757090247,Stormy,14.831322169336591
898,2022-02-07 09:00:00,6,23.28923428585434,44.31540098040219,Windy,10.933545297946235
899,2022-02-07 10:00:00,3,30.660322988018272,38.43333296938799,Stormy,17.689574551935184
900,2022-02-07 11:00:00,5,19.382227428800668,20.11790576690491,Cloudy,11.079865110062618
901,2022-02-07 12:00:00,1,31.84521177471969,78.34758352703972,Windy,10.691184383126174
902,2022-02-07 13:00:00,2,24.329407826693416,97.34763998394283,Rainy,3.9091600073679977
903,2022-02-07 14:00:00,4,29.321651329819307,37.94347866280361,Sunny,3.3245872410331745
904,2022-02-07 15:00:00,5,25.264428519736086,73.0437753442738,Stormy,18.329783022310284
905,2022-02-07 16:00:00,6,20.30630158396712,79.3517061566972,Cloudy,6.556763977000681
906,2022-02-07 17:00:00,4,43.19586574367548,87.87403032724198,Sunny,7.441645099257919
907,2022-02-07 18:00:00,3,36.72620279559163,53.81033576108873,Sunny,15.196473168567767
908,2022-02-07 19:00:00,2,14.90396115182584,44.23447245123434,Windy,6.776469648456147
909,2022-02-07 20:00:00,5,40.396379156426946,46.02361072184249,Rainy,19.041248932780054
910,2022-02-07 21:00:00,4,27.060091938732977,77.00970664788102,Sunny,14.758555379976006
911,2022-02-07 22:00:00,6,41.309327941293205,85.34235732045089,Cloudy,11.9485848514684
912,2022-02-07 23:00:00,4,37.99493395815603,34.52911742052821,Stormy,17.61790321089505
913,2022-02-08 00:00:00,1,24.882472656423168,49.67528065262122,Stormy,0.992118166989655
914,2022-02-08 01:00:00,4,10.78642579120411,92.155215739932,Stormy,5.141253843784175
915,2022-02-08 02:00:00,3,19.403707578473114,84.53548157557914,Windy,9.3007266844182
916,2022-02-08 03:00:00,4,28.957197513130343,98.78867222099807,Cloudy,4.539570789430421
917,2022-02-08 04:00:00,3,32.171737693915155,80.33986077456646,Sunny,14.878103746043038
918,2022-02-08 05:00:00,3,19.02606899016208,51.45561608223378,Cloudy,18.384160621074503
919,2022-02-08 06:00:00,6,14.877462592548845,67.25102671957103,Windy,8.475402398618467
920,2022-02-08 07:00:00,1,39.222558287975474,72.88114033978562,Windy,6.842652002237899
921,2022-02-08 08:00:00,2,44.454076324624324,26.276465305369918,Rainy,19.231014642751326
922,2022-02-08 09:00:00,3,28.399156380594004,63.55975672830921,Cloudy,8.897048656550817
923,2022-02-08 10:00:00,4,16.008775004690623,76.74566627780877,Stormy,9.780968008985663
924,2022-02-08 11:00:00,6,19.530756428177913,33.38570432008483,Windy,7.032997446838108
925,2022-02-08 12:00:00,4,10.643673679161335,82.45053739404457,Windy,18.19096946024277
926,2022-02-08 13:00:00,3,42.000458229617465,66.70182244112894,Rainy,11.379109665637015
927,2022-02-08 14:00:00,6,14.12128790115494,96.17774285580757,Stormy,15.243491743632893
928,2022-02-08 15:00:00,4,30.178076642998874,23.393783856551337,Windy,16.236134367017726
929,2022-02-08 16:00:00,5,19.59193272405221,41.22609100443736,Sunny,6.836980838345164
930,2022-02-08 17:00:00,1,29.396230088052768,68.12431034398593,Stormy,8.6738866264076
931,2022-02-08 18:00:00,4,32.79971359231524,43.724792976474454,Cloudy,16.969435488125292
932,2022-02-08 19:00:00,1,39.04096312975206,77.15393312569938,Rainy,7.265107033516205
933,2022-02-08 20:00:00,3,17.22474451162111,80.72042260175448,Sunny,15.878702669037025
934,2022-02-08 21:00:00,3,10.384854003046817,28.201277125317958,Sunny,18.819846451488743
935,2022-02-08 22:00:00,3,14.790997052408255,61.108357136541414,Cloudy,12.46420746136014
936,2022-02-08 23:00:00,1,41.50065246468368,60.71124444728447,Rainy,14.832545749037777
937,2022-02-09 00:00:00,4,40.58615271468803,49.54246161724328,Windy,16.1019462408227
938,2022-02-09 01:00:00,5,30.90945857596079,94.63398900557377,Rainy,16.900792977932852
939,2022-02-09 02:00:00,1,31.01809011517787,86.2005055898577,Windy,7.901066757135919
940,2022-02-09 03:00:00,6,33.27628360911894,75.77675055277095,Cloudy,1.0252691835199634
941,2022-02-09 04:00:00,5,16.137994751820735,77.14613085879981,Cloudy,8.03752542473479
942,2022-02-09 05:00:00,4,42.004418107373596,56.93729150504953,Sunny,13.475124595681795
943,2022-02-09 06:00:00,4,24.65696837122256,93.67956168772606,Sunny,9.007007715615856
944,2022-02-09 07:00:00,1,23.40984848873241,75.56763418026283,Sunny,14.979263017207971
945,2022-02-09 08:00:00,2,28.162119684899313,78.31848493246531,Cloudy,7.1396485893732775
946,2022-02-09 09:00:00,5,11.643808837126926,88.93527230298761,Windy,12.69488282208059
947,2022-02-09 10:00:00,3,15.819917906462779,41.925727147375284,Cloudy,3.7283960970794916
948,2022-02-09 11:00:00,5,35.831176574922964,84.56567230933624,Cloudy,14.987388732899138
949,2022-02-09 12:00:00,4,12.897953377379427,35.61924823651936,Sunny,10.913919376260516
950,2022-02-09 13:00:00,6,31.110323831323587,47.627356179591025,Rainy,4.081287770932011
951,2022-02-09 14:00:00,4,18.587218838846233,46.848836341587415,Sunny,5.838223469956145
952,2022-02-09 15:00:00,1,23.62534649146918,98.28203747113125,Rainy,14.972174171636647
953,2022-02-09 16:00:00,2,20.104280786974495,88.52297789983415,Windy,9.652024713230414
954,2022-02-09 17:00:00,3,22.44854507627322,76.09358892722078,Windy,4.3206288078614445
955,2022-02-09 18:00:00,5,35.16660668144859,78.16454092923121,Stormy,19.345423807405954
956,2022-02-09 19:00:00,2,20.399260046811126,64.96582355220568,Stormy,14.30250039633776
957,2022-02-09 20:00:00,3,29.824162410391402,95.76725336868152,Stormy,19.142696650795923
958,2022-02-09 21:00:00,4,26.66176407696849,59.70070023058892,Windy,8.542100907206864
959,2022-02-09 22:00:00,6,33.228490787692685,50.441416789591564,Sunny,9.50200681383441
960,2022-02-09 23:00:00,4,42.78904087636653,33.04282695452728,Sunny,17.959104323700384
961,2022-02-10 00:00:00,1,35.640023402358764,82.89645218088464,Sunny,10.500986804907694
962,2022-02-10 01:00:00,1,17.52291325067649,78.75551456604731,Cloudy,14.145578238113343
963,2022-02-10 02:00:00,6,11.091409727144963,50.74840308193079,Stormy,5.043457549910599
964,2022-02-10 03:00:00,5,19.179241550493877,22.01547311673835,Sunny,8.934529374052811
965,2022-02-10 04:00:00,2,30.82772757450892,87.11978621744086,Stormy,2.468997316207102
966,2022-02-10 05:00:00,6,11.799903471948763,20.91343867632589,Stormy,4.1196007175392335
967,2022-02-10 06:00:00,2,27.37281865204327,76.29598237032408,Cloudy,0.01886830535262174
968,2022-02-10 07:00:00,3,30.889499712091123,97.62056877808456,Windy,0.7853010329732046
969,2022-02-10 08:00:00,5,21.698536178593628,55.01290625185628,Sunny,19.545676463538587
970,2022-02-10 09:00:00,1,36.98192713110377,38.79787239967622,Cloudy,4.8470739027352465
971,2022-02-10 10:00:00,5,13.730938859682013,76.38968080347054,Windy,13.266214190080039
972,2022-02-10 11:00:00,4,12.629822360753307,85.37025136124682,Windy,16.78199397599223
973,2022-02-10 12:00:00,1,35.486606467126116,63.71442528622779,Sunny,11.013209184731284
974,2022-02-10 13:00:00,2,27.342196067216946,97.36282202049169,Stormy,3.062890001679124
975,2022-02-10 14:00:00,1,34.094083874970764,24.13349773263689,Rainy,14.562328746723328
976,2022-02-10 15:00:00,4,25.218956851131118,60.38364786436225,Stormy,12.00502820199166
977,2022-02-10 16:00:00,1,18.62407116336874,77.476315785804,Stormy,14.625011786947502
978,2022-02-10 17:00:00,6,38.66858111859699,89.01123769193431,Rainy,15.394932457141744
979,2022-02-10 18:00:00,2,37.97955576391428,34.340448952623206,Windy,19.508207353694903
980,2022-02-10 19:00:00,4,34.314376479904936,84.00027854109452,Rainy,11.471265600534199
981,2022-02-10 20:00:00,6,19.525079803048694,64.21656605748362,Rainy,6.8328222538120365
982,2022-02-10 21:00:00,3,30.65807334041805,51.724294559197055,Cloudy,12.969291138004742
983,2022-02-10 22:00:00,5,22.63408639290094,30.537202286327485,Cloudy,1.3688141848525226
984,2022-02-10 23:00:00,6,13.205372566432196,89.223660712713,Cloudy,17.947946366431726
985,2022-02-11 00:00:00,3,42.1059751411785,32.581856654377226,Windy,2.3876202267639357
986,2022-02-11 01:00:00,4,14.78865208216365,44.78302873672794,Rainy,6.556856757716365
987,2022-02-11 02:00:00,4,43.25830738372809,43.20364255699495,Sunny,16.31490761252242
988,2022-02-11 03:00:00,4,25.61020205352845,89.71312273526834,Rainy,11.946247566614236
989,2022-02-11 04:00:00,2,16.479652509351688,73.81623953671183,Windy,7.872710405548842
990,2022-02-11 05:00:00,4,28.966533158242534,83.73451177530978,Cloudy,9.468713187500429
991,2022-02-11 06:00:00,5,40.553104255674285,40.03743190339992,Windy,17.090947864043606
992,2022-02-11 07:00:00,2,35.62787102433464,69.98992796855991,Cloudy,6.800087721197842
993,2022-02-11 08:00:00,4,38.22964017515074,65.7396786514999,Windy,17.392993696243426
994,2022-02-11 09:00:00,2,33.05741783487511,86.62643014306168,Sunny,1.7626886195338298
995,2022-02-11 10:00:00,5,34.22967975812483,92.48696483850084,Cloudy,15.535968744172614
996,2022-02-11 11:00:00,5,39.72184780478618,20.972541718190946,Cloudy,16.95095266109473
997,2022-02-11 12:00:00,6,18.738380310071506,73.92159352470341,Rainy,3.636353056746775
998,2022-02-11 13:00:00,2,27.129873727509917,24.146863929578323,Windy,8.60693064744401
999,2022-02-11 14:00:00,1,17.742330463686077,63.908693206188474,Stormy,3.3099954932731124
1000,2022-02-11 15:00:00,3,44.568380279882646,43.010618323494256,Stormy,14.132082579884354
1001,2022-02-11 16:00:00,4,43.04207688903146,44.5421279617713,Rainy,10.706955361233135
1002,2022-02-11 17:00:00,3,11.379938397897707,48.23668027618852,Windy,12.706466934166421
1003,2022-02-11 18:00:00,5,34.6951310380491,69.70339592396881,Sunny,3.929739339124223
1004,2022-02-11 19:00:00,3,42.3836911095483,46.72399725350154,Rainy,4.23491724104839
1005,2022-02-11 20:00:00,1,16.32013707945667,78.61592404722244,Cloudy,0.8299465101981274
1006,2022-02-11 21:00:00,3,29.878083069342033,52.36219084590957,Sunny,6.441350703914594
1007,2022-02-11 22:00:00,6,42.04209041558146,25.468256024796688,Windy,11.1948932266735
1008,2022-02-11 23:00:00,3,11.18810925050296,82.70078739872858,Cloudy,17.158698279946577
1009,2022-02-12 00:00:00,5,34.4097093536394,42.86066596741648,Stormy,13.338548949173614
1010,2022-02-12 01:00:00,5,20.407215258039276,54.62135036794101,Windy,8.707926467995028
1011,2022-02-12 02:00:00,6,42.35386683817856,74.83551065775212,Cloudy,19.062402287882755
1012,2022-02-12 03:00:00,4,43.987038580787875,46.59649257189696,Windy,14.384904011516637
1013,2022-02-12 04:00:00,2,43.04932711897019,24.52685249173725,Cloudy,18.603304057251002
1014,2022-02-12 05:00:00,4,26.597497583011233,49.913683761025084,Windy,10.551759465443313
1015,2022-02-12 06:00:00,5,40.17149278462597,95.55588661554427,Stormy,5.178085495862792
1016,2022-02-12 07:00:00,4,39.559228948727466,71.33875178388465,Rainy,1.0565337272944397
1017,2022-02-12 08:00:00,3,21.168516563513947,73.71833189337656,Cloudy,14.52169702967701
1018,2022-02-12 09:00:00,3,39.01204159527371,70.58257229101119,Cloudy,2.4260599601106825
1019,2022-02-12 10:00:00,5,11.29526721504224,35.919371116754945,Stormy,6.055502565439344
1020,2022-02-12 11:00:00,5,30.869445746871857,53.46670912818241,Rainy,10.649418157677948
1021,2022-02-12 12:00:00,4,18.050309305069607,80.07518386906546,Windy,11.288331755594953
1022,2022-02-12 13:00:00,4,14.219841002204758,28.10983180425273,Cloudy,12.011663939742721
1023,2022-02-12 14:00:00,3,12.69336205702232,42.22822208717698,Rainy,3.3251066069940127
1024,2022-02-12 15:00:00,2,34.37010715573489,42.10552867726829,Windy,7.5947480964329745
1025,2022-02-12 16:00:00,6,21.895623731882317,54.56151420756048,Cloudy,12.343884542339334
1026,2022-02-12 17:00:00,2,35.366837003506646,98.42949927537481,Cloudy,19.396377292675695
1027,2022-02-12 18:00:00,5,12.287471927962983,25.400203734705755,Windy,14.552622753993774
1028,2022-02-12 19:00:00,4,21.03516182407136,61.496079550447604,Stormy,18.452075141879156
1029,2022-02-12 20:00:00,2,28.8821952331368,34.349174560976834,Rainy,15.24424116628354
1030,2022-02-12 21:00:00,4,37.67531076936372,97.65412363277953,Cloudy,11.834339377848009
1031,2022-02-12 22:00:00,1,21.156337602622447,29.064280378197136,Windy,3.840467382726891
1032,2022-02-12 23:00:00,3,31.90619817529532,52.288080188927296,Cloudy,13.333713037850261
1033,2022-02-13 00:00:00,6,41.00922118826655,79.03079878676849,Windy,12.467591319198142
1034,2022-02-13 01:00:00,4,31.55521158638066,76.36435424219562,Cloudy,12.049383409145328
1035,2022-02-13 02:00:00,6,18.15358161637718,53.818290951514584,Sunny,9.795717359764815
1036,2022-02-13 03:00:00,4,10.85402735447883,47.721933436217455,Stormy,10.573132079785513
1037,2022-02-13 04:00:00,4,40.45346058653254,51.808990284229644,Rainy,6.688850542362081
1038,2022-02-13 05:00:00,6,10.74442937976355,41.142101052691146,Stormy,10.386253852846064
1039,2022-02-13 06:00:00,6,40.614558543946984,36.42663509654398,Stormy,3.951118113569565
1040,2022-02-13 07:00:00,2,28.51279969095242,58.6431758047112,Rainy,16.103487947207537
1041,2022-02-13 08:00:00,4,42.86736944795137,41.482700485408586,Stormy,3.715539093974156
1042,2022-02-13 09:00:00,1,37.95741325207829,42.99693319178001,Sunny,1.6993257977893284
1043,2022-02-13 10:00:00,2,44.927693868666815,72.54048507796456,Windy,8.724920527143148
1044,2022-02-13 11:00:00,5,22.274913540809855,97.48298653599137,Rainy,13.166148790121238
1045,2022-02-13 12:00:00,5,36.85159011258944,68.29097604475001,Windy,8.754336498670828
1046,2022-02-13 13:00:00,3,24.067581976323474,26.158357365197304,Cloudy,5.535082639026172
1047,2022-02-13 14:00:00,1,26.79564671063681,26.04668910832536,Sunny,11.163423677808815
1048,2022-02-13 15:00:00,4,31.96269121264295,96.11385766764528,Windy,6.940046708243999
1049,2022-02-13 16:00:00,1,40.57869899652186,43.78326322458669,Windy,18.65735380253266
1050,2022-02-13 17:00:00,5,44.44292142197533,27.365358886598035,Rainy,18.45290279207144
1051,2022-02-13 18:00:00,4,36.889569485258136,67.92356697203053,Cloudy,10.04743639944191
1052,2022-02-13 19:00:00,1,24.621837375856682,69.89190226322128,Rainy,6.55767988036517
1053,2022-02-13 20:00:00,6,24.747495079697458,71.88038560949505,Cloudy,14.742648279132782
1054,2022-02-13 21:00:00,2,35.8153805556112,41.392162228603304,Rainy,0.7342588696613328
1055,2022-02-13 22:00:00,4,18.357200101890584,21.208854737158003,Windy,9.495380120873024
1056,2022-02-13 23:00:00,6,13.866593959598813,97.20122955635775,Windy,6.72646788540667
1057,2022-02-14 00:00:00,2,22.41177551742718,40.0714436552882,Sunny,18.410717702051095
1058,2022-02-14 01:00:00,1,20.05336470789286,74.08210304420379,Windy,0.24006054545365085
1059,2022-02-14 02:00:00,4,20.370784215959652,76.53038959029676,Stormy,11.056297514366982
1060,2022-02-14 03:00:00,3,18.176271286746847,68.80059336635885,Windy,14.81327162133252
1061,2022-02-14 04:00:00,3,11.473261637272666,45.03259153709186,Stormy,9.700359750480825
1062,2022-02-14 05:00:00,5,10.625587715669484,41.68770030112526,Windy,1.7080606032544332
1063,2022-02-14 06:00:00,6,44.570283640761104,67.81346261621624,Stormy,19.449227800558045
1064,2022-02-14 07:00:00,4,24.97205968075518,89.28765068893532,Stormy,10.360208627521958
1065,2022-02-14 08:00:00,6,23.451432650588856,95.73869831387165,Windy,12.283724886380227
1066,2022-02-14 09:00:00,1,33.78765489425744,28.472464352300612,Stormy,4.732195654150146
1067,2022-02-14 10:00:00,3,17.638886075277245,32.38628900781759,Sunny,9.669961702136076
1068,2022-02-14 11:00:00,6,43.248641438257884,95.57890070264637,Cloudy,8.582989839166437
1069,2022-02-14 12:00:00,5,37.52207550454432,78.92281826678341,Stormy,1.4979168400396747
1070,2022-02-14 13:00:00,4,13.129385080929083,90.63950598638185,Stormy,2.1232070709493445
1071,2022-02-14 14:00:00,3,24.615327152472492,36.210610730827455,Sunny,16.74945039237549
1072,2022-02-14 15:00:00,6,40.76914076467577,67.00686968875215,Sunny,4.796399044131805
1073,2022-02-14 16:00:00,6,43.06562078019936,76.0911675533979,Rainy,3.899165429972611
1074,2022-02-14 17:00:00,4,26.359052893745442,74.40895083575782,Cloudy,10.098229025002786
1075,2022-02-14 18:00:00,5,31.46939862237477,52.65213526933585,Rainy,15.37494262725026
1076,2022-02-14 19:00:00,1,15.846188113222633,21.231591335304678,Stormy,1.2389303715797584
1077,2022-02-14 20:00:00,5,44.69090191479418,66.63408454434105,Sunny,11.536158392765117
1078,2022-02-14 21:00:00,1,18.10850954842052,40.2481231343687,Stormy,2.384208856811467
1079,2022-02-14 22:00:00,2,42.995612094729395,56.020339691431225,Windy,0.7292210165123691
1080,2022-02-14 23:00:00,6,32.7376327147329,96.60648120670538,Cloudy,1.0548790432443478
1081,2022-02-15 00:00:00,6,31.27078782076007,51.922825411394776,Windy,16.683282164168826
1082,2022-02-15 01:00:00,3,27.9440978855778,87.18412853315414,Sunny,2.3594496725612313
1083,2022-02-15 02:00:00,2,18.073443410121556,35.083248459940094,Sunny,0.903027288245839
1084,2022-02-15 03:00:00,6,16.17848112019279,73.7968398420023,Sunny,8.757997742858246
1085,2022-02-15 04:00:00,1,17.717017317456136,98.16055635511547,Cloudy,16.879869438840494
1086,2022-02-15 05:00:00,4,16.52533917504891,28.15144806983494,Rainy,5.248167529786039
1087,2022-02-15 06:00:00,1,37.28545657483637,20.66559537817536,Stormy,8.434252350518328
1088,2022-02-15 07:00:00,6,22.254384070835552,54.686623410609144,Stormy,0.7984506512750245
1089,2022-02-15 08:00:00,6,12.024493679718873,27.410038644109378,Stormy,8.981570282697518
1090,2022-02-15 09:00:00,1,43.918592054928396,79.8707479740985,Stormy,11.552261612742674
1091,2022-02-15 10:00:00,4,40.9325059737199,93.16389310788472,Stormy,11.418141075042897
1092,2022-02-15 11:00:00,2,42.471329911832456,54.721677816700705,Rainy,6.648533843487304
1093,2022-02-15 12:00:00,6,44.82177379262524,40.69693137243527,Windy,6.31066361326271
1094,2022-02-15 13:00:00,3,16.086333722682056,54.75226552052878,Cloudy,2.1324723787319577
1095,2022-02-15 14:00:00,1,23.868470661593058,77.87582542800008,Windy,7.335966412925368
1096,2022-02-15 15:00:00,1,36.538346649643195,20.72433292642968,Windy,1.989893377459293
1097,2022-02-15 16:00:00,3,34.360721631882726,67.15631915877577,Stormy,15.331918894241031
1098,2022-02-15 17:00:00,1,15.386356721894927,69.06333479099033,Stormy,19.325485954963717
1099,2022-02-15 18:00:00,3,38.55415937467163,71.01505975167484,Rainy,19.401489133334138
1100,2022-02-15 19:00:00,3,17.855420014283123,39.36176639847018,Cloudy,17.301421987507876
1101,2022-02-15 20:00:00,3,17.833616518791807,77.12421787025013,Sunny,12.015842986792382
1102,2022-02-15 21:00:00,4,28.794104801269476,27.311318906542112,Windy,14.017313944877598
1103,2022-02-15 22:00:00,2,30.75289771945961,35.94162691734407,Sunny,5.704116053608281
1104,2022-02-15 23:00:00,2,30.30301727432339,90.19760373235856,Cloudy,12.615408403452413
1105,2022-02-16 00:00:00,5,13.202039308921421,79.09785205812531,Windy,9.112990988797549
1106,2022-02-16 01:00:00,4,40.71113019206331,21.099644320907622,Sunny,9.640346795538651
1107,2022-02-16 02:00:00,5,19.296001490604713,39.87010082958402,Sunny,15.15553120750316
1108,2022-02-16 03:00:00,6,14.533022244898145,37.15251863945316,Rainy,5.638367111945033
1109,2022-02-16 04:00:00,2,41.1061827954142,41.664506242957806,Cloudy,6.360792233890398
1110,2022-02-16 05:00:00,2,43.44780243804137,39.80478162239091,Cloudy,18.492835822572733
1111,2022-02-16 06:00:00,2,40.17446660429077,25.00210365942766,Cloudy,1.124485897019445
1112,2022-02-16 07:00:00,1,38.333062615370736,56.71524132774563,Windy,9.712685968266808
1113,2022-02-16 08:00:00,5,32.93346932236576,78.61867798289322,Rainy,18.256016008157236
1114,2022-02-16 09:00:00,4,29.280007971319876,68.53853797739491,Stormy,12.20726015636314
1115,2022-02-16 10:00:00,5,13.044536596899356,73.82973348784638,Windy,10.92814148424264
1116,2022-02-16 11:00:00,6,24.295862457474456,26.49193428289913,Cloudy,4.994883584587104
1117,2022-02-16 12:00:00,2,23.04409809543099,96.11925681414297,Windy,6.865509781288965
1118,2022-02-16 13:00:00,4,19.091382431611418,87.07934670744199,Sunny,17.04096831609386
1119,2022-02-16 14:00:00,5,35.319703979100474,84.40722547965302,Windy,11.184362635369162
1120,2022-02-16 15:00:00,2,27.355650727756977,85.8387044033414,Windy,10.294843875135598
1121,2022-02-16 16:00:00,2,12.836617556767678,94.6168406506209,Cloudy,1.9915942708005785
1122,2022-02-16 17:00:00,4,17.706412068243395,63.54031728909582,Sunny,0.32056312910246243
1123,2022-02-16 18:00:00,6,33.91405672808585,36.022561429410075,Cloudy,19.273703773740984
1124,2022-02-16 19:00:00,3,12.664580082160507,69.34268862820329,Sunny,7.539723345736833
1125,2022-02-16 20:00:00,4,39.7922419917069,79.43051949343513,Sunny,12.064261241990087
1126,2022-02-16 21:00:00,3,27.330128445489102,79.03339146832204,Sunny,1.5943014637456998
1127,2022-02-16 22:00:00,6,26.82053020643268,61.71592193335041,Cloudy,13.662285714460932
1128,2022-02-16 23:00:00,1,30.734272463083116,25.476697546686246,Sunny,18.651334174119217
1129,2022-02-17 00:00:00,4,38.86383380738022,49.68903507441023,Rainy,11.513305059948394
1130,2022-02-17 01:00:00,3,22.173322276576755,93.66132867706858,Rainy,2.5223064475082113
1131,2022-02-17 02:00:00,6,33.73056533956722,66.75591278059409,Stormy,11.634430549469535
1132,2022-02-17 03:00:00,5,29.800618739852688,63.066555460457074,Rainy,15.326944262093047
1133,2022-02-17 04:00:00,2,19.345989455929747,41.508281150575485,Stormy,8.128330731480373
1134,2022-02-17 05:00:00,1,40.752049522430525,49.47591359332631,Rainy,17.596754958829358
1135,2022-02-17 06:00:00,4,37.90991075624248,91.62768713225354,Cloudy,12.97365906714729
1136,2022-02-17 07:00:00,3,33.04581421304489,73.31704380214686,Stormy,17.984978365784052
1137,2022-02-17 08:00:00,5,39.77036051829847,82.99096214018662,Windy,12.470106224946743
1138,2022-02-17 09:00:00,3,40.35529703359308,56.34763384541241,Windy,2.6257594400964845
1139,2022-02-17 10:00:00,6,34.79270418502622,70.41977755649263,Rainy,6.193834222103782
1140,2022-02-17 11:00:00,4,39.29546649272852,39.8706886994566,Windy,4.035898965049139
1141,2022-02-17 12:00:00,6,34.411501158424926,76.4368664226789,Rainy,18.176529954337248
1142,2022-02-17 13:00:00,3,33.804927011610516,54.20810669626698,Rainy,15.208001345749654
1143,2022-02-17 14:00:00,4,31.65139823753145,55.403641185179644,Windy,13.52796737820012
1144,2022-02-17 15:00:00,3,36.34508238451744,71.94578596615054,Windy,6.019326392632434
1145,2022-02-17 16:00:00,2,15.551178685257579,94.90244971751413,Sunny,3.6808954410042705
1146,2022-02-17 17:00:00,4,40.83047657196249,25.120507728689674,Stormy,15.129021759778237
1147,2022-02-17 18:00:00,4,40.51452347108312,85.97945898776061,Rainy,9.483158917581594
1148,2022-02-17 19:00:00,1,11.02365490620957,43.39064883297545,Windy,4.515791043012582
1149,2022-02-17 20:00:00,2,38.90358626976669,55.51355636051022,Stormy,12.332439563305503
1150,2022-02-17 21:00:00,4,14.510445361570582,21.75306630200072,Windy,0.8066770427690395
1151,2022-02-17 22:00:00,5,21.729159899069966,44.083686226745044,Windy,6.52340508256507
1152,2022-02-17 23:00:00,3,36.02278897020627,60.210499410410435,Sunny,9.371139891822693
1153,2022-02-18 00:00:00,5,15.626596361690787,24.49408618779512,Rainy,2.959166682188117
1154,2022-02-18 01:00:00,3,38.628845844167174,59.28765835065321,Rainy,19.69308955181679
1155,2022-02-18 02:00:00,6,39.12469622852097,94.16885030867418,Cloudy,4.1819472917922855
1156,2022-02-18 03:00:00,3,27.761370681629266,28.431457448624418,Sunny,2.607062600865311
1157,2022-02-18 04:00:00,1,10.223505510089176,81.15525824604035,Stormy,4.070697477737928
1158,2022-02-18 05:00:00,6,20.046334661121946,52.773684270079414,Sunny,15.381222663194485
1159,2022-02-18 06:00:00,4,31.592442143150976,72.41389716194703,Stormy,8.510113185436856
1160,2022-02-18 07:00:00,3,44.34151623095982,40.81892783881835,Rainy,11.30831879505076
1161,2022-02-18 08:00:00,1,32.113473445583395,32.75938100330866,Cloudy,0.4201831397272149
1162,2022-02-18 09:00:00,5,19.093125337245592,32.83700914169812,Cloudy,0.6886261714662911
1163,2022-02-18 10:00:00,6,32.190199608486395,25.639355651451574,Rainy,8.916510996540323
1164,2022-02-18 11:00:00,6,28.89948829005494,34.85173639209944,Windy,16.33310486403247
1165,2022-02-18 12:00:00,1,37.294588830290024,73.13755079911746,Sunny,17.704777574151304
1166,2022-02-18 13:00:00,5,13.744322358943544,90.53524894748064,Cloudy,1.7341313519128043
1167,2022-02-18 14:00:00,6,36.63597658757098,85.13005484729294,Windy,10.767262042020455
1168,2022-02-18 15:00:00,4,28.94433025366386,74.81074478995873,Stormy,18.26459372558541
1169,2022-02-18 16:00:00,3,43.70472013506481,28.834549072888215,Cloudy,7.759455087957727
1170,2022-02-18 17:00:00,2,21.965525811354013,43.13499570367598,Stormy,16.591316628567373
1171,2022-02-18 18:00:00,5,32.14176625968818,44.784550025797515,Windy,2.673913087988724
1172,2022-02-18 19:00:00,3,42.620983692850615,39.9965557118097,Stormy,18.707889793355974
1173,2022-02-18 20:00:00,2,13.587840479673774,61.20045277677785,Windy,15.028466350626053
1174,2022-02-18 21:00:00,6,42.80299705327579,62.8443051903738,Stormy,18.826687855738033
1175,2022-02-18 22:00:00,2,34.07600028052847,48.550878013688816,Sunny,13.53234467105013
1176,2022-02-18 23:00:00,5,12.374297068681017,48.30313269891488,Cloudy,7.2680786399885395
1177,2022-02-19 00:00:00,3,20.533724843138568,86.2844478324865,Cloudy,18.76362345049445
1178,2022-02-19 01:00:00,6,34.786023102584856,83.14342786557485,Windy,5.5113355261835695
1179,2022-02-19 02:00:00,6,12.35727105140701,44.62366653445965,Stormy,6.64345044123465
1180,2022-02-19 03:00:00,6,30.375966106169564,93.10307550986074,Rainy,14.016168360034806
1181,2022-02-19 04:00:00,6,22.105906993353486,96.22520136020049,Cloudy,15.306325990507725
1182,2022-02-19 05:00:00,2,31.7320431218617,46.139403362403264,Stormy,18.588069676983075
1183,2022-02-19 06:00:00,6,11.600971183437949,48.353995903444385,Stormy,4.09604818112419
1184,2022-02-19 07:00:00,1,40.503788215333174,60.45073227375671,Sunny,15.959960704384478
1185,2022-02-19 08:00:00,6,44.07211392120889,95.28966500269388,Rainy,14.77092106793927
1186,2022-02-19 09:00:00,6,43.9107249349992,90.10555465138492,Cloudy,1.2758911250719573
1187,2022-02-19 10:00:00,1,36.237814111002365,28.205437006687184,Sunny,7.744462824204139
1188,2022-02-19 11:00:00,3,14.553018404572118,51.4184594617133,Rainy,5.655309141201972
1189,2022-02-19 12:00:00,4,36.539211857515795,64.26969517998174,Cloudy,6.089808487080608
1190,2022-02-19 13:00:00,1,10.860542076058053,60.2505978041232,Sunny,19.658937591094016
1191,2022-02-19 14:00:00,5,10.774324303514904,35.50904543495142,Rainy,12.855548269598557
1192,2022-02-19 15:00:00,3,21.326357670233943,88.70534169345237,Cloudy,14.353523155869992
1193,2022-02-19 16:00:00,6,27.102511664163302,74.15526263974698,Rainy,19.532352746300184
1194,2022-02-19 17:00:00,2,36.96425962327277,87.03266998814429,Stormy,7.544035649152773
1195,2022-02-19 18:00:00,1,33.91533818122768,88.70114234795777,Windy,16.03680336905612
1196,2022-02-19 19:00:00,3,25.60659472318619,79.86846829325918,Windy,8.690619266089907
1197,2022-02-19 20:00:00,3,19.576933319858306,55.136848099977385,Stormy,17.390673436299593
1198,2022-02-19 21:00:00,6,44.89935750551989,68.84374040123396,Rainy,3.6131508262260636
1199,2022-02-19 22:00:00,4,24.916345578259055,32.829232489579454,Stormy,18.95372354128559
1200,2022-02-19 23:00:00,2,25.79854585153864,73.89163339799262,Windy,4.375434168217593
1201,2022-02-20 00:00:00,2,15.726833741708422,34.340260459142456,Windy,6.524410139618631
1202,2022-02-20 01:00:00,2,37.81833420624753,75.51596724081254,Rainy,15.12384468213561
1203,2022-02-20 02:00:00,5,34.27887790235211,38.36785286031749,Windy,7.8751028313081335
1204,2022-02-20 03:00:00,3,17.72693644760661,29.404104012017598,Stormy,12.164227535328934
1205,2022-02-20 04:00:00,5,12.883336596554495,33.222759211436596,Rainy,8.891470021388571
1206,2022-02-20 05:00:00,5,33.81747557261496,20.15937081752562,Stormy,14.847398741795637
1207,2022-02-20 06:00:00,3,32.90789249983973,77.49916942828241,Rainy,4.5666250473722165
1208,2022-02-20 07:00:00,2,19.564083444937324,78.59208392467033,Windy,1.1691597447375401
1209,2022-02-20 08:00:00,3,43.28022467876436,61.194667993060754,Cloudy,5.998587949461324
1210,2022-02-20 09:00:00,4,15.287026212331508,32.9090240844307,Rainy,9.486173297368605
1211,2022-02-20 10:00:00,3,25.131718036491066,26.68434700085518,Rainy,3.3604010438535714
1212,2022-02-20 11:00:00,6,43.02655720586596,21.53031731498296,Cloudy,7.095945793127774
1213,2022-02-20 12:00:00,3,24.69045609241428,33.25985415721766,Windy,7.999660365871371
1214,2022-02-20 13:00:00,1,32.348408168243,91.26844279865173,Stormy,1.147836873765471
1215,2022-02-20 14:00:00,4,23.915803928697798,39.32294733613454,Sunny,11.66614496368409
1216,2022-02-20 15:00:00,1,19.59753208220345,48.341706177377255,Cloudy,17.68686855942575
1217,2022-02-20 16:00:00,2,44.43921767859399,28.427638758506653,Sunny,3.0348582590610484
1218,2022-02-20 17:00:00,2,24.326690221026507,37.78890437985362,Windy,11.956160268030281
1219,2022-02-20 18:00:00,6,41.29347212876971,61.53796566241641,Rainy,13.294784098216926
1220,2022-02-20 19:00:00,6,18.048411206188014,68.6202146476522,Rainy,8.386693608385766
1221,2022-02-20 20:00:00,6,17.458664640877917,39.62818513329688,Windy,14.0219517472854
1222,2022-02-20 21:00:00,4,11.089692900957898,24.618572738009377,Stormy,8.21463086982024
1223,2022-02-20 22:00:00,5,32.80833888815597,51.28262953019189,Stormy,10.092745759548698
1224,2022-02-20 23:00:00,3,22.898422030331638,38.73626967410673,Windy,0.1470608910885396
1225,2022-02-21 00:00:00,1,40.252538744387294,37.56431385838415,Windy,13.834402282693777
1226,2022-02-21 01:00:00,4,26.5623467342045,96.78902421707642,Windy,13.226853578894488
1227,2022-02-21 02:00:00,1,43.88676997701526,69.30403887405792,Windy,0.7680175465268912
1228,2022-02-21 03:00:00,3,16.49339304960924,64.55027545376767,Windy,7.365002147902661
1229,2022-02-21 04:00:00,5,40.401810878446376,53.262008281865754,Windy,19.580636815833348
1230,2022-02-21 05:00:00,1,37.18088984771096,54.31554667441154,Rainy,8.414731251372336
1231,2022-02-21 06:00:00,4,36.98226456254182,63.27240030704647,Sunny,10.038908102636835
1232,2022-02-21 07:00:00,3,39.567412984091064,75.71438456288858,Stormy,18.19860316319437
1233,2022-02-21 08:00:00,6,36.63583968300496,76.17168769454636,Sunny,14.345237517315129
1234,2022-02-21 09:00:00,6,31.917711257099537,33.73551261643597,Rainy,11.64140262248447
1235,2022-02-21 10:00:00,6,14.593570718883566,60.009020166130156,Cloudy,15.95609362682145
1236,2022-02-21 11:00:00,3,11.138416282193816,52.956647602728154,Sunny,17.287325329119465
1237,2022-02-21 12:00:00,5,42.22967467354904,89.64215730155074,Cloudy,9.137761434745338
1238,2022-02-21 13:00:00,4,31.58276100822583,70.5135136974701,Rainy,9.502167298636708
1239,2022-02-21 14:00:00,6,37.87880518416617,62.600325313278546,Stormy,7.721018713036716
1240,2022-02-21 15:00:00,3,26.853282302939252,29.23157137431339,Cloudy,19.33412280036921
1241,2022-02-21 16:00:00,1,14.105786613683808,68.45103114587292,Rainy,13.943325085807007
1242,2022-02-21 17:00:00,6,14.381502727089266,29.376312454418674,Windy,1.6644613241614459
1243,2022-02-21 18:00:00,2,33.994785053014,46.976526045260165,Stormy,17.25919246626037
1244,2022-02-21 19:00:00,4,25.060706321481195,31.427357185146548,Windy,9.611198816725361
1245,2022-02-21 20:00:00,1,17.018365434511786,75.36589176194951,Stormy,1.3750781284497493
1246,2022-02-21 21:00:00,5,27.20580913595029,36.50016910689221,Stormy,10.994345103266221
1247,2022-02-21 22:00:00,5,12.247312797629693,51.34874985504208,Sunny,8.343285579514042
1248,2022-02-21 23:00:00,3,30.36899906700396,91.65398220950229,Stormy,17.554988097252497
1249,2022-02-22 00:00:00,5,19.41476915522842,36.34531067191762,Sunny,4.079892072187747
1250,2022-02-22 01:00:00,2,37.914568522301586,60.62440511670233,Cloudy,16.52929218984366
1251,2022-02-22 02:00:00,6,20.862668562325084,53.54173289328176,Stormy,11.153773823709054
1252,2022-02-22 03:00:00,1,25.93270521786304,21.44992328365838,Cloudy,1.092206064269381
1253,2022-02-22 04:00:00,6,10.406718896783522,83.42064908582502,Stormy,19.436906026509693
1254,2022-02-22 05:00:00,4,12.535641072809561,25.52367250516798,Sunny,10.252304882064
1255,2022-02-22 06:00:00,6,23.73727447423397,57.94040167815629,Windy,5.81753708463165
1256,2022-02-22 07:00:00,3,26.797859215099322,64.854263595116,Stormy,9.388136839785162
1257,2022-02-22 08:00:00,6,31.00071918417563,70.27411652916697,Rainy,17.15715567034978
1258,2022-02-22 09:00:00,4,20.208190254825613,75.09053034463005,Windy,6.09806248770127
1259,2022-02-22 10:00:00,1,34.32436601442899,40.2617906818172,Sunny,3.8535279297340064
1260,2022-02-22 11:00:00,2,40.10428390162216,20.79830213267595,Rainy,2.581424938617629
1261,2022-02-22 12:00:00,1,37.29478461126725,77.87549298839295,Cloudy,5.957187967804225
1262,2022-02-22 13:00:00,1,11.3866588871925,62.85252794780629,Sunny,15.60096174080087
1263,2022-02-22 14:00:00,3,26.81774315402401,86.8894162565799,Windy,9.432527303905234
1264,2022-02-22 15:00:00,4,13.67255624463612,85.71106903205555,Cloudy,4.5496320738708
1265,2022-02-22 16:00:00,1,18.471575555188462,87.46609342303066,Cloudy,3.323699992194984
1266,2022-02-22 17:00:00,1,44.533190764350124,58.80757279836321,Sunny,6.654589530207582
1267,2022-02-22 18:00:00,2,14.987344001552962,46.69027166694925,Windy,18.798487457714177
1268,2022-02-22 19:00:00,5,27.461085370797463,83.3246562073096,Sunny,6.8605342518004875
1269,2022-02-22 20:00:00,2,31.635450701134168,56.1035290423404,Rainy,19.762481519092706
1270,2022-02-22 21:00:00,4,34.58627396904364,34.67537571227476,Rainy,9.704609115307123
1271,2022-02-22 22:00:00,4,29.587703922041992,88.39792156491795,Stormy,3.5832783658030176
1272,2022-02-22 23:00:00,3,10.341979659671429,90.60479014178779,Cloudy,17.822801835870187
1273,2022-02-23 00:00:00,6,21.426145788539714,57.304780491213606,Stormy,9.207107462696538
1274,2022-02-23 01:00:00,6,28.1199075184649,26.055978184782997,Windy,14.193426870090489
1275,2022-02-23 02:00:00,6,13.075327470069167,51.0260871933545,Rainy,19.674231664183036
1276,2022-02-23 03:00:00,5,22.271942592321327,84.28301275700827,Stormy,1.00350700639948
1277,2022-02-23 04:00:00,4,11.16210880769783,92.14192228369829,Rainy,1.9338911957513427
1278,2022-02-23 05:00:00,5,12.750247400425726,36.27781939980767,Rainy,14.409134829255123
1279,2022-02-23 06:00:00,6,23.892314667055864,25.357888962021722,Rainy,5.6365000659094395
1280,2022-02-23 07:00:00,6,14.645051391507113,90.18803625062709,Sunny,3.6860279390019812
1281,2022-02-23 08:00:00,2,29.863929689154535,51.152395118310025,Stormy,0.7872375963945899
1282,2022-02-23 09:00:00,4,34.1312739198043,63.34087714140506,Cloudy,0.4369342397240361
1283,2022-02-23 10:00:00,6,38.0205344688179,97.44526496406071,Stormy,15.489712062395817
1284,2022-02-23 11:00:00,1,17.005258548568353,25.325178233137827,Cloudy,2.688668547391
1285,2022-02-23 12:00:00,4,15.861890379067441,71.86544059616764,Stormy,9.354412319423018
1286,2022-02-23 13:00:00,5,13.65987441170401,25.928433805989364,Stormy,12.11793630358966
1287,2022-02-23 14:00:00,4,32.27505873402728,50.03751427732003,Rainy,8.567036011376924
1288,2022-02-23 15:00:00,3,34.72665042704154,84.30516361547573,Cloudy,0.5421330467246621
1289,2022-02-23 16:00:00,1,11.105515068897471,54.67777862045075,Cloudy,15.670030051758177
1290,2022-02-23 17:00:00,6,42.767428618529145,99.77458831223603,Cloudy,0.21026449083306975
1291,2022-02-23 18:00:00,3,11.818994927801533,64.72474279572818,Stormy,15.23779788754968
1292,2022-02-23 19:00:00,2,28.945371735537467,45.69297221087628,Cloudy,17.866089875762455
1293,2022-02-23 20:00:00,4,34.817118180782074,37.60890607238025,Stormy,8.656798421143446
1294,2022-02-23 21:00:00,4,40.483919331113,48.04164274289295,Sunny,10.710849461955965
1295,2022-02-23 22:00:00,2,34.993042624634974,49.802661900764065,Rainy,9.539667852353075
1296,2022-02-23 23:00:00,3,38.06048290744272,25.497094217916878,Windy,7.784172372468776
1297,2022-02-24 00:00:00,1,21.880756738998212,49.56593595414185,Sunny,17.748490707407207
1298,2022-02-24 01:00:00,6,38.518878981127926,57.139081579137994,Cloudy,17.87867021339981
1299,2022-02-24 02:00:00,3,12.80401962346363,77.81902017910437,Rainy,6.716327292830691
1300,2022-02-24 03:00:00,5,41.31858296211847,72.53835877772863,Rainy,12.30139508029396
1301,2022-02-24 04:00:00,6,29.165733165380768,76.70125241833233,Rainy,18.538151242917284
1302,2022-02-24 05:00:00,3,38.60542194868728,20.669094550148568,Rainy,19.24116997882703
1303,2022-02-24 06:00:00,1,25.831139958140504,37.41339196644289,Cloudy,10.17918080844095
1304,2022-02-24 07:00:00,4,32.525219331878375,72.93474307198852,Rainy,9.056496105686536
1305,2022-02-24 08:00:00,3,28.42409313276396,58.719149454379775,Windy,5.573886318570516
1306,2022-02-24 09:00:00,2,35.605633261436616,20.425078053467676,Windy,19.1774374638082
1307,2022-02-24 10:00:00,1,12.857049371070636,84.35957139454578,Rainy,2.856286089457347
1308,2022-02-24 11:00:00,4,12.112322939669733,81.82476586322699,Stormy,11.596591520954501
1309,2022-02-24 12:00:00,1,18.648613190355125,63.87353303948501,Cloudy,5.6510053503727775
1310,2022-02-24 13:00:00,6,15.584063803961591,25.31706606210177,Windy,5.580165806955932
1311,2022-02-24 14:00:00,2,40.512424830727056,81.32120396260677,Windy,8.099371747523769
1312,2022-02-24 15:00:00,6,17.672489557531552,66.69708701850911,Windy,19.97585871631309
1313,2022-02-24 16:00:00,6,44.155283953669596,82.55679817263673,Sunny,1.0993261367964413
1314,2022-02-24 17:00:00,5,21.79135271198874,80.13975939166724,Sunny,11.57083636407063
1315,2022-02-24 18:00:00,1,16.374127049104473,84.24016575662696,Windy,1.6514431607055435
1316,2022-02-24 19:00:00,1,37.63944774998677,61.44064531236999,Stormy,3.0904165998103794
1317,2022-02-24 20:00:00,3,33.054772142530666,31.225961455481198,Cloudy,8.791258835457974
1318,2022-02-24 21:00:00,2,27.436850075859866,73.6925978703751,Cloudy,10.209202626928827
1319,2022-02-24 22:00:00,2,29.437724282817094,69.63790280415765,Windy,5.17584816729048
1320,2022-02-24 23:00:00,5,35.17206223952924,79.38025497592697,Windy,6.329142617488324
1321,2022-02-25 00:00:00,2,17.995915946595456,33.59048048405882,Cloudy,1.7393404051186612
1322,2022-02-25 01:00:00,1,44.871687061985966,35.598015992023136,Stormy,6.0643956768850105
1323,2022-02-25 02:00:00,5,44.11776067513741,91.23276137754628,Sunny,19.33116878761088
1324,2022-02-25 03:00:00,2,32.76139902214279,79.99822387616567,Sunny,18.894147633449634
1325,2022-02-25 04:00:00,5,16.98398578252008,92.65827909602584,Windy,6.6975658027397
1326,2022-02-25 05:00:00,2,33.807988485095194,80.69722569311367,Cloudy,11.417078725575232
1327,2022-02-25 06:00:00,2,12.526944314271155,67.77242447922416,Sunny,18.191907822218887
1328,2022-02-25 07:00:00,3,11.072837577203213,72.33061896222989,Stormy,0.12367645281793349
1329,2022-02-25 08:00:00,2,19.01890109789248,91.13023391520079,Windy,16.213671406751835
1330,2022-02-25 09:00:00,5,26.191803485876072,66.30454036095524,Rainy,18.96739105577838
1331,2022-02-25 10:00:00,1,40.38953768929332,70.59130594627099,Windy,1.8265146866711413
1332,2022-02-25 11:00:00,3,35.45091744182078,32.518137280288045,Rainy,3.2289537206584207
1333,2022-02-25 12:00:00,2,35.99472824199934,57.91369760928822,Windy,19.214926055427107
1334,2022-02-25 13:00:00,2,24.892266705682637,77.31176895664791,Cloudy,10.750802872806926
1335,2022-02-25 14:00:00,5,22.107724739143702,41.67541586530923,Cloudy,0.28393268943447403
1336,2022-02-25 15:00:00,3,22.986356704461095,36.18033444196279,Cloudy,5.152639975270583
1337,2022-02-25 16:00:00,2,44.56773473076203,45.106144657953244,Cloudy,8.998873485377192
1338,2022-02-25 17:00:00,1,11.403821699436886,39.32005023942668,Stormy,13.858178220495354
1339,2022-02-25 18:00:00,6,40.3461023642857,37.19301096291167,Stormy,14.663207562735991
1340,2022-02-25 19:00:00,1,30.253639300033768,53.98806742944696,Rainy,19.90843025850912
1341,2022-02-25 20:00:00,2,25.351539671635667,92.62708111068272,Stormy,5.750223987675181
1342,2022-02-25 21:00:00,1,35.38401811452978,60.564771739097466,Windy,10.764402037369505
1343,2022-02-25 22:00:00,3,27.0334129498646,35.03363046522584,Cloudy,10.6664709571921
1344,2022-02-25 23:00:00,2,40.56981333285812,26.157733550469928,Sunny,8.112905188944751
1345,2022-02-26 00:00:00,5,41.52456524039405,75.69249161103401,Sunny,3.383237876848404
1346,2022-02-26 01:00:00,3,24.760232440570938,50.623901154911024,Sunny,19.549131263676852
1347,2022-02-26 02:00:00,1,19.688972903226805,85.74647572682875,Windy,17.06634373333172
1348,2022-02-26 03:00:00,2,30.732261500767677,72.76086149126161,Sunny,9.966660565884744
1349,2022-02-26 04:00:00,3,41.932717096584184,83.69931604330948,Sunny,12.064908453680596
1350,2022-02-26 05:00:00,1,17.373176615198332,41.7556831534759,Rainy,4.545221071193247
1351,2022-02-26 06:00:00,2,31.803830424721898,75.38871379688464,Windy,10.875741407834937
1352,2022-02-26 07:00:00,6,32.104607703238216,41.124958775497504,Windy,13.899402662429516
1353,2022-02-26 08:00:00,4,35.65895578453484,95.12547835602332,Sunny,10.303340567731777
1354,2022-02-26 09:00:00,5,14.604868979454093,70.90994252266995,Windy,19.805703411698826
1355,2022-02-26 10:00:00,1,35.0538737638731,45.96094401402737,Rainy,12.226833124954524
1356,2022-02-26 11:00:00,6,41.816138223297436,41.56094898338181,Rainy,7.419474251843381
1357,2022-02-26 12:00:00,1,16.28890881045847,35.274126805731484,Cloudy,15.443040552316763
1358,2022-02-26 13:00:00,4,18.31401637233572,75.57127671149823,Rainy,3.409250231632841
1359,2022-02-26 14:00:00,4,43.998828291457386,37.49724903983419,Cloudy,7.690316274125331
1360,2022-02-26 15:00:00,3,16.334193344832144,67.62426127419913,Sunny,6.939179007551717
1361,2022-02-26 16:00:00,5,39.90347826793527,41.170802154028586,Cloudy,8.636141902155545
1362,2022-02-26 17:00:00,5,27.22972497568122,72.95751558350949,Cloudy,15.635596518574527
1363,2022-02-26 18:00:00,1,18.653087604111196,85.19517828324314,Sunny,9.683460643268148
1364,2022-02-26 19:00:00,4,40.4762465445379,82.24201945157225,Cloudy,15.880289005319256
1365,2022-02-26 20:00:00,5,25.585683925093292,80.86810647446254,Rainy,11.529778062797318
1366,2022-02-26 21:00:00,2,28.018607387539156,35.01779245538017,Sunny,6.8413886931511065
1367,2022-02-26 22:00:00,5,22.5731679289918,27.0707957587615,Windy,16.199574873669448
1368,2022-02-26 23:00:00,1,30.75327980022246,75.91590627899085,Cloudy,4.765793411061832
1369,2022-02-27 00:00:00,6,15.723335540475798,49.4677771035481,Rainy,4.487659595995909
1370,2022-02-27 01:00:00,6,23.687853782811622,54.58769811226779,Windy,10.090058481096715
1371,2022-02-27 02:00:00,5,43.92943128173506,22.491927423471285,Sunny,5.216984919241778
1372,2022-02-27 03:00:00,3,19.03467014453946,40.766115942003935,Sunny,0.18174069902432644
1373,2022-02-27 04:00:00,4,32.985783258945226,22.69411230995712,Sunny,12.96595054597603
1374,2022-02-27 05:00:00,6,21.38165224786432,90.33486180809982,Rainy,10.22187642944796
1375,2022-02-27 06:00:00,1,37.071559399031024,39.471734657482436,Windy,8.910356289863223
1376,2022-02-27 07:00:00,1,14.580578125142244,64.58697356584065,Sunny,19.339370292366308
1377,2022-02-27 08:00:00,4,43.943736577749064,23.118345652890433,Rainy,11.423983679258274
1378,2022-02-27 09:00:00,4,25.882633948427376,73.34779130445264,Stormy,17.26863155578769
1379,2022-02-27 10:00:00,4,18.261766217126237,45.84218766032751,Rainy,2.7890047241032034
1380,2022-02-27 11:00:00,6,12.572386156550444,91.83353495661326,Stormy,11.384129262588553
1381,2022-02-27 12:00:00,1,15.941526678063926,91.04945511472286,Windy,17.35959253461806
1382,2022-02-27 13:00:00,4,28.192088199460617,46.023249468939824,Sunny,11.66211514559796
1383,2022-02-27 14:00:00,6,21.79511117509502,92.07687165523743,Sunny,14.36028356254003
1384,2022-02-27 15:00:00,4,39.01091780589133,99.69261387990231,Cloudy,7.4408713562441475
1385,2022-02-27 16:00:00,1,25.081063328163207,86.03325312991585,Sunny,1.8489903407413322
1386,2022-02-27 17:00:00,1,18.704999540567044,87.58970782041831,Windy,9.15800590254143
1387,2022-02-27 18:00:00,3,31.60007453114105,39.920698888727195,Rainy,7.8895878167771505
1388,2022-02-27 19:00:00,5,34.737202590990606,66.1361919086205,Windy,17.341203647578947
1389,2022-02-27 20:00:00,2,15.846466776533244,25.38047311738943,Sunny,4.879906047049445
1390,2022-02-27 21:00:00,1,15.866672570091119,27.593434945733577,Rainy,19.33468455070216
1391,2022-02-27 22:00:00,2,11.283499942674004,99.91140896266324,Windy,19.162762396089924
1392,2022-02-27 23:00:00,3,35.77407052729742,46.13113995407288,Sunny,4.952632861428774
1393,2022-02-28 00:00:00,5,33.23315846676318,79.8547129639077,Sunny,6.96103910954641
1394,2022-02-28 01:00:00,6,26.612080651243485,84.53320424214532,Sunny,17.9111148174777
1395,2022-02-28 02:00:00,5,39.5459657139219,88.64186168057833,Cloudy,19.33244441792215
1396,2022-02-28 03:00:00,5,38.19845535325186,99.81026379217252,Cloudy,8.868782056720882
1397,2022-02-28 04:00:00,6,30.487402753886325,39.319718820549426,Cloudy,6.419940912817957
1398,2022-02-28 05:00:00,3,40.38949481796405,23.228066148775977,Rainy,10.521880265030841
1399,2022-02-28 06:00:00,4,17.20444235128689,52.89532143956688,Windy,13.755384127314695
1400,2022-02-28 07:00:00,5,13.917186678920476,30.406453586315756,Rainy,5.469490307499596
1401,2022-02-28 08:00:00,5,19.441236403094635,21.79407113296441,Rainy,14.729463492381456
1402,2022-02-28 09:00:00,3,11.99803996312602,48.83414617131889,Sunny,1.0331471422928207
1403,2022-02-28 10:00:00,4,28.59093348003612,82.69906008601892,Stormy,0.9858898552883288
1404,2022-02-28 11:00:00,5,42.78119923032365,65.29445529800567,Stormy,7.725754102910905
1405,2022-02-28 12:00:00,5,11.377023923397838,45.022239136828325,Sunny,7.069463841214412
1406,2022-02-28 13:00:00,4,14.273846990350938,72.34736043941757,Stormy,6.312664307343045
1407,2022-02-28 14:00:00,1,25.826965989920232,38.561454424704856,Rainy,9.8203952533782
1408,2022-02-28 15:00:00,6,42.685625613476674,21.150515685766802,Windy,6.414671646231424
1409,2022-02-28 16:00:00,1,21.06546367418627,81.14827091491419,Cloudy,3.8451583693618385
1410,2022-02-28 17:00:00,6,27.753218304093735,69.89944678912073,Rainy,6.189390981772018
1411,2022-02-28 18:00:00,6,11.455050066763723,80.9842099600768,Rainy,19.4980854562047
1412,2022-02-28 19:00:00,5,15.19201203367311,23.11504133501325,Windy,8.222268339896972
1413,2022-02-28 20:00:00,6,44.53205430355964,86.96957022645218,Stormy,8.894255537166716
1414,2022-02-28 21:00:00,2,43.77915437526159,69.56209600290427,Windy,11.5308997990228
1415,2022-02-28 22:00:00,4,10.172899332704336,65.07162805701121,Rainy,19.66681536828453
1416,2022-02-28 23:00:00,4,43.313412489813366,69.96912384916253,Sunny,4.83202552871526
1417,2022-03-01 00:00:00,2,32.369197823542514,89.15465974946913,Sunny,13.625642210648676
1418,2022-03-01 01:00:00,4,40.37714030820077,66.95492052471256,Rainy,14.319693870834483
1419,2022-03-01 02:00:00,3,25.915894947185066,66.47603039105434,Sunny,12.146488335861319
1420,2022-03-01 03:00:00,4,28.04586100027376,99.25433256526127,Stormy,1.7715667927328815
1421,2022-03-01 04:00:00,4,27.109630308992205,80.53841336548544,Windy,13.537445516551529
1422,2022-03-01 05:00:00,4,33.34024901411365,55.383504436090824,Cloudy,1.2818942207235096
1423,2022-03-01 06:00:00,6,14.887793916470951,76.59176000263422,Windy,11.922852990997939
1424,2022-03-01 07:00:00,1,11.049075645543729,51.138437735343075,Cloudy,14.791623544434852
1425,2022-03-01 08:00:00,3,20.77754795569168,38.31003699867992,Rainy,4.219397812399008
1426,2022-03-01 09:00:00,4,34.66382669578263,67.74815015102075,Rainy,16.832440150855483
1427,2022-03-01 10:00:00,3,17.064870824303192,94.25456784911611,Cloudy,0.6070761106600853
1428,2022-03-01 11:00:00,6,33.570135166372104,94.33116160123701,Sunny,16.87625727316612
1429,2022-03-01 12:00:00,3,43.94692161375446,47.352422248439225,Rainy,9.206581012855303
1430,2022-03-01 13:00:00,3,13.286525052629644,62.214197297735595,Stormy,4.35175879863289
1431,2022-03-01 14:00:00,2,33.54107413787942,36.9308718855889,Stormy,2.67556289987936
1432,2022-03-01 15:00:00,6,25.53125767565999,99.65048875991067,Stormy,19.06614335164745
1433,2022-03-01 16:00:00,4,40.384978903212684,98.48943262943486,Stormy,1.4533117516231342
1434,2022-03-01 17:00:00,1,16.200242630658508,71.96071437659579,Cloudy,3.9818683987185133
1435,2022-03-01 18:00:00,1,34.24190832791576,84.35312477419787,Sunny,6.956446948660919
1436,2022-03-01 19:00:00,1,39.334035137683856,77.208012902696,Cloudy,12.40469697922241
1437,2022-03-01 20:00:00,1,43.061497681590815,67.45265752315746,Rainy,10.896021705521967
1438,2022-03-01 21:00:00,4,33.91368099013761,24.267839759111816,Stormy,2.5128698482462797
1439,2022-03-01 22:00:00,1,27.401116740294956,56.38114740421288,Stormy,5.794559674764292
1440,2022-03-01 23:00:00,6,31.624653407042484,73.98290417339284,Stormy,4.775035421720482
1441,2022-03-02 00:00:00,6,40.41167445675514,74.20252911069477,Rainy,4.270857089806828
1442,2022-03-02 01:00:00,3,29.97134113235904,49.849809473790685,Windy,8.222886729599741
1443,2022-03-02 02:00:00,2,11.06354708938929,95.33535893264245,Cloudy,14.080629051833139
1444,2022-03-02 03:00:00,5,42.583204342744224,33.388562578942484,Sunny,4.349058644344719
1445,2022-03-02 04:00:00,1,34.13343628610464,60.02875569724485,Rainy,7.333577594059628
1446,2022-03-02 05:00:00,5,33.677968502203626,75.27071812406582,Windy,7.818348536823246
1447,2022-03-02 06:00:00,5,17.5486303339201,75.77086447134474,Windy,19.529130588708203
1448,2022-03-02 07:00:00,5,33.060991458143,71.89111654150524,Sunny,19.093327137581376
1449,2022-03-02 08:00:00,3,23.785254197895547,42.02305707614882,Rainy,16.002751655041518
1450,2022-03-02 09:00:00,6,32.79315419645222,32.496525494929756,Windy,4.833178416383703
1451,2022-03-02 10:00:00,1,13.730756060779676,70.87522614613687,Stormy,1.3607462818333937
1452,2022-03-02 11:00:00,4,33.02458566110626,67.94416929115502,Sunny,6.338082754412495
1453,2022-03-02 12:00:00,3,44.979480401973326,34.348480823139276,Stormy,5.335890988676617
1454,2022-03-02 13:00:00,6,11.687421360119462,76.41113164564507,Sunny,10.118516002927878
1455,2022-03-02 14:00:00,4,44.2010964477461,56.413759338692515,Cloudy,15.554558201355862
1456,2022-03-02 15:00:00,6,24.24177862530047,73.42084732825224,Cloudy,17.166458777577162
1457,2022-03-02 16:00:00,1,40.47637076180407,86.98936638161206,Rainy,16.89728170821017
1458,2022-03-02 17:00:00,3,37.38349194203957,33.57827428615386,Windy,7.193511224461355
1459,2022-03-02 18:00:00,5,29.845569134533374,21.531589439746934,Stormy,13.744686869213659
1460,2022-03-02 19:00:00,3,35.84572232379642,82.32820691166295,Windy,6.256683950484401
1461,2022-03-02 20:00:00,3,40.748044645547175,68.77579401220927,Cloudy,1.2181108647036543
1462,2022-03-02 21:00:00,1,24.144911257786156,75.97116556976974,Stormy,14.031305312058846
1463,2022-03-02 22:00:00,5,21.446160654713353,87.0523979990914,Rainy,0.1965510513957569
1464,2022-03-02 23:00:00,5,33.365768494725465,84.22487478596004,Windy,8.183651749169771
1465,2022-03-03 00:00:00,2,38.27460796794405,96.87361175430597,Sunny,6.587585386041514
1466,2022-03-03 01:00:00,2,36.67997971718155,62.874806308169454,Sunny,13.867550770377049
1467,2022-03-03 02:00:00,6,37.92347771005221,59.07965061279243,Stormy,15.324909455207578
1468,2022-03-03 03:00:00,4,25.245416018452655,52.150975991258406,Sunny,6.081892719425676
1469,2022-03-03 04:00:00,2,38.62419756612576,32.29528342753636,Sunny,16.23254028889707
1470,2022-03-03 05:00:00,1,14.207316937971296,65.8085786305618,Cloudy,5.878335210098675
1471,2022-03-03 06:00:00,3,29.057118428629735,42.1610019460783,Rainy,8.926527199731225
1472,2022-03-03 07:00:00,5,10.201553117434255,93.70460097703804,Sunny,14.540370540282678
1473,2022-03-03 08:00:00,3,21.36050404650946,66.65526434216781,Sunny,13.858404584495771
1474,2022-03-03 09:00:00,1,22.826153720498926,67.42721444064881,Windy,19.747369446244
1475,2022-03-03 10:00:00,3,23.866044206323938,48.3939728701608,Stormy,4.503220484318637
1476,2022-03-03 11:00:00,5,34.34135223414518,24.1591481582166,Cloudy,13.246358270791648
1477,2022-03-03 12:00:00,2,23.5995335444621,22.53950122983909,Stormy,12.193638165515548
1478,2022-03-03 13:00:00,4,25.704276791788573,53.8668115322558,Windy,18.301969089800597
1479,2022-03-03 14:00:00,5,18.31404458060146,26.76523024777903,Windy,3.127242832897501
1480,2022-03-03 15:00:00,5,23.063812707026905,68.54775644321113,Windy,15.035963271738659
1481,2022-03-03 16:00:00,5,17.9544369542103,90.4778404511726,Sunny,11.365372325375366
1482,2022-03-03 17:00:00,6,12.561857331895528,90.63318532149778,Stormy,5.493317395758108
1483,2022-03-03 18:00:00,6,31.120700768348225,72.7236328105786,Stormy,9.488698282943481
1484,2022-03-03 19:00:00,5,33.387447949425564,36.89854651783448,Stormy,6.675531941395956
1485,2022-03-03 20:00:00,1,31.682162110336506,89.03974650870977,Rainy,11.586268055769217
1486,2022-03-03 21:00:00,5,26.222291533020034,90.88747482505666,Cloudy,17.78001221629332
1487,2022-03-03 22:00:00,6,23.292502306273043,35.73228679623669,Sunny,11.386099688244041
1488,2022-03-03 23:00:00,6,40.21667773501388,78.99408686165418,Cloudy,12.63444836653168
1489,2022-03-04 00:00:00,3,28.16786247976763,42.92156391416984,Sunny,10.374956942294189
1490,2022-03-04 01:00:00,1,26.771365717040585,84.21122498823438,Stormy,1.0233101289095181
1491,2022-03-04 02:00:00,2,10.89747230322525,99.77903199228821,Rainy,4.657171137521885
1492,2022-03-04 03:00:00,3,21.943673966915473,22.402080426351425,Rainy,9.840034588641656
1493,2022-03-04 04:00:00,6,23.306846657504998,91.78926926327455,Stormy,6.204705674894095
1494,2022-03-04 05:00:00,3,23.958797331391516,69.81044268789265,Cloudy,3.6352719552238844
1495,2022-03-04 06:00:00,3,30.30603292295663,97.8706095331857,Windy,10.082656838368766
1496,2022-03-04 07:00:00,3,28.676089135440748,57.20076140211421,Stormy,6.456195868957007
1497,2022-03-04 08:00:00,1,31.276678247770562,87.7910344457099,Sunny,5.162152863468295
1498,2022-03-04 09:00:00,2,36.77091415397449,24.991525487862177,Cloudy,9.279708348807617
1499,2022-03-04 10:00:00,2,38.45450085506327,46.822324006263656,Windy,2.665685161643463
1500,2022-03-04 11:00:00,5,35.1343076679273,25.361323020096798,Rainy,18.554914661508146
1501,2022-03-04 12:00:00,6,43.443329358422716,98.02745067832564,Sunny,17.35404195838478
1502,2022-03-04 13:00:00,4,10.638140393672657,85.35791258174694,Rainy,14.152411714810707
1503,2022-03-04 14:00:00,1,16.852229498924114,88.20379369967765,Sunny,2.124276551769124
1504,2022-03-04 15:00:00,2,10.264700624234974,95.03721851471154,Windy,15.51754508939386
1505,2022-03-04 16:00:00,6,32.66161499541111,26.80827888958283,Sunny,16.15914656218038
1506,2022-03-04 17:00:00,6,41.43106921324954,50.84780740106667,Windy,15.355292354286753
1507,2022-03-04 18:00:00,1,18.521880380170472,25.68279112352017,Stormy,2.279317742384823
1508,2022-03-04 19:00:00,1,42.44620906787073,36.86344812400229,Stormy,12.878159141355294
1509,2022-03-04 20:00:00,6,12.10935866013463,38.34926216301379,Sunny,16.686495914987972
1510,2022-03-04 21:00:00,5,42.705260938193,57.528576883806295,Cloudy,11.547068024393354
1511,2022-03-04 22:00:00,2,22.306794053387204,41.48497339629141,Rainy,12.92814750456178
1512,2022-03-04 23:00:00,4,13.549728995722578,28.078248545420887,Sunny,9.167269588526123
1513,2022-03-05 00:00:00,4,27.005511571521396,33.399287127528616,Sunny,10.574146397681051
1514,2022-03-05 01:00:00,4,18.98717987021778,31.782045084167272,Rainy,0.6875371670345043
1515,2022-03-05 02:00:00,3,19.970551568667297,97.84614383298387,Sunny,12.779260439465691
1516,2022-03-05 03:00:00,2,20.75514877242003,80.7434005534779,Rainy,1.6289442578231839
1517,2022-03-05 04:00:00,3,38.10590642414322,97.42091722156496,Windy,8.700291886804468
1518,2022-03-05 05:00:00,3,28.870644683633905,55.179238920632685,Cloudy,5.8531019533481565
1519,2022-03-05 06:00:00,6,20.895769470460127,42.26947853301253,Stormy,10.908559004234261
1520,2022-03-05 07:00:00,3,31.361682415882143,83.86345577673494,Stormy,2.6683267104641417
1521,2022-03-05 08:00:00,5,35.065273597811775,46.10031344329174,Cloudy,13.832868039466364
1522,2022-03-05 09:00:00,5,19.541840025673682,43.95066989642786,Rainy,15.900230738569407
1523,2022-03-05 10:00:00,1,24.474218553387303,38.600479376626495,Cloudy,3.26708899486313
1524,2022-03-05 11:00:00,1,14.266013266793165,30.37431825793883,Rainy,2.086261747037643
1525,2022-03-05 12:00:00,2,16.34022723371381,40.51704488134128,Cloudy,2.910309655747183
1526,2022-03-05 13:00:00,2,33.8391248887744,48.42557987791102,Sunny,17.542551237970034
1527,2022-03-05 14:00:00,5,16.350342169346945,73.91953665165843,Sunny,10.563785235127124
1528,2022-03-05 15:00:00,1,28.380718428347105,25.005187377556126,Cloudy,9.345219920150052
1529,2022-03-05 16:00:00,6,34.81661916028514,36.840555173227436,Windy,2.1342363820470855
1530,2022-03-05 17:00:00,1,13.740692308316035,84.72189122333411,Cloudy,12.991120135139235
1531,2022-03-05 18:00:00,3,29.855927687011626,31.75375388670166,Stormy,17.3599918379018
1532,2022-03-05 19:00:00,4,18.979697429547734,47.41161172180172,Sunny,16.563717386469058
1533,2022-03-05 20:00:00,6,43.70244063331529,89.1727137486512,Cloudy,12.521094179616025
1534,2022-03-05 21:00:00,4,26.924097635197366,32.39402489147541,Stormy,1.5055743330334725
1535,2022-03-05 22:00:00,4,38.20973924213054,26.61894684945519,Sunny,2.2479405435202593
1536,2022-03-05 23:00:00,5,29.257928975469163,58.763039606400866,Windy,0.9861797421964935
1537,2022-03-06 00:00:00,4,11.519438649918671,44.19356090228291,Windy,5.149584329849386
1538,2022-03-06 01:00:00,4,32.16029814579078,65.07266915870832,Stormy,2.713229343207555
1539,2022-03-06 02:00:00,3,43.299116977233,84.30439123867801,Cloudy,5.200960805048678
1540,2022-03-06 03:00:00,2,31.056413705121592,30.971879052219453,Sunny,7.701161114379234
1541,2022-03-06 04:00:00,5,38.67161007993766,66.45592676434279,Windy,18.859655681422712
1542,2022-03-06 05:00:00,1,40.94722621719427,60.44070083118911,Stormy,12.207521195633841
1543,2022-03-06 06:00:00,3,17.982792018212635,31.526302881055965,Rainy,16.699475713659247
1544,2022-03-06 07:00:00,4,17.42156939678793,69.9198788423186,Cloudy,14.207030014246644
1545,2022-03-06 08:00:00,1,31.38433460978471,41.89123342886173,Rainy,2.250062610532635
1546,2022-03-06 09:00:00,3,24.385996443234667,59.026745483521,Cloudy,14.718408127478977
1547,2022-03-06 10:00:00,6,39.39514560033521,26.58178594216495,Sunny,5.501977631182489
1548,2022-03-06 11:00:00,6,41.50080931893039,56.766724577089846,Stormy,12.782156939894127
1549,2022-03-06 12:00:00,5,22.369748275595136,44.51707744342563,Sunny,6.8192394728597705
1550,2022-03-06 13:00:00,4,18.29046956410687,85.79049689482835,Rainy,19.953445265293183
1551,2022-03-06 14:00:00,5,37.31839303353516,24.558298159789462,Stormy,5.271029589935557
1552,2022-03-06 15:00:00,6,19.618211244184764,53.4885819934664,Sunny,5.582609415485393
1553,2022-03-06 16:00:00,3,38.79150114797874,56.67451393051504,Sunny,18.613445111247966
1554,2022-03-06 17:00:00,1,24.830838877706697,78.00048610392949,Sunny,0.4928880927264534
1555,2022-03-06 18:00:00,2,33.36424647520147,65.94300600721688,Rainy,13.933779757463938
1556,2022-03-06 19:00:00,4,13.343735984213385,73.37698697553449,Sunny,14.506527814717563
1557,2022-03-06 20:00:00,5,31.835076363680056,82.1639428521405,Windy,16.727571548207987
1558,2022-03-06 21:00:00,1,25.81186875580302,88.9762378926551,Cloudy,19.488786212769508
1559,2022-03-06 22:00:00,1,30.531296211141594,45.11003973779764,Windy,19.51203838313305
1560,2022-03-06 23:00:00,2,15.880497271070219,63.04181642911224,Rainy,1.3055351513292779
1561,2022-03-07 00:00:00,3,35.790581073046376,87.20864627513599,Rainy,16.43678645505805
1562,2022-03-07 01:00:00,2,40.197897714012996,99.15609047720451,Sunny,12.926198673147626
1563,2022-03-07 02:00:00,2,17.585893003177148,91.16154488350105,Stormy,12.946842687461825
1564,2022-03-07 03:00:00,3,13.35000944320566,49.717381009950145,Windy,2.566998532293896
1565,2022-03-07 04:00:00,3,10.827350511621773,35.613321377492035,Rainy,13.003743328913068
1566,2022-03-07 05:00:00,3,32.46900251551431,59.151402992527096,Cloudy,19.649651612024957
1567,2022-03-07 06:00:00,1,31.248291263107326,79.33131614688338,Rainy,18.23637139078894
1568,2022-03-07 07:00:00,1,29.13440944499245,59.405525660263805,Windy,8.78261321609701
1569,2022-03-07 08:00:00,4,18.118148364059138,58.65446906509348,Cloudy,0.7989594657218868
1570,2022-03-07 09:00:00,6,23.68170985669301,87.05843368654405,Cloudy,7.245869800004097
1571,2022-03-07 10:00:00,4,30.806671731516058,48.91230232537491,Sunny,16.527806232011105
1572,2022-03-07 11:00:00,2,27.386840060070927,88.78357398493165,Stormy,14.029982029303321
1573,2022-03-07 12:00:00,2,44.572493207521056,52.54438407613789,Cloudy,9.186873111879128
1574,2022-03-07 13:00:00,4,14.77539133948566,46.25864845426715,Sunny,1.1020307031766219
1575,2022-03-07 14:00:00,5,34.330059391665785,56.31919289597592,Stormy,8.537894556466053
1576,2022-03-07 15:00:00,6,24.151156883650224,80.99575669398948,Sunny,9.38049879435767
1577,2022-03-07 16:00:00,2,24.986986522396517,30.080162229119544,Rainy,18.57111065788272
1578,2022-03-07 17:00:00,5,35.11592179803617,35.71353726976139,Rainy,12.821722071643189
1579,2022-03-07 18:00:00,5,34.235265296352935,96.11558605304735,Stormy,6.233058333092978
1580,2022-03-07 19:00:00,6,44.69395977957659,34.03933019050859,Sunny,10.506365289014427
1581,2022-03-07 20:00:00,3,14.493800130894384,65.41818543448437,Windy,1.3211061564432014
1582,2022-03-07 21:00:00,1,13.643837728445822,66.34515733295503,Sunny,19.451364712994735
1583,2022-03-07 22:00:00,4,35.351858599505945,59.16995696401958,Windy,7.20119803861452
1584,2022-03-07 23:00:00,6,30.243542095224317,71.57961988614548,Cloudy,9.557347098262717
1585,2022-03-08 00:00:00,1,19.595623329593206,38.386138063809476,Cloudy,7.105679484738452
1586,2022-03-08 01:00:00,4,12.779677914614531,64.21298142213985,Cloudy,13.650234602324003
1587,2022-03-08 02:00:00,1,12.998038735875069,49.77386041975177,Sunny,13.24464316659186
1588,2022-03-08 03:00:00,4,41.296680613244135,72.93338077033512,Stormy,14.306446210582713
1589,2022-03-08 04:00:00,1,16.715356365156,31.297883469851957,Windy,5.362864592238417
1590,2022-03-08 05:00:00,3,21.318004674043227,65.67019334715809,Sunny,6.31336962328132
1591,2022-03-08 06:00:00,5,17.93297407794458,34.821628430665896,Cloudy,2.505024621924159
1592,2022-03-08 07:00:00,4,22.424870704117808,42.29144504920291,Rainy,13.110199436922251
1593,2022-03-08 08:00:00,5,12.429834496113267,37.496784025886654,Cloudy,0.795942546713051
1594,2022-03-08 09:00:00,4,28.167092681789462,34.62702238950537,Stormy,11.953646710469181
1595,2022-03-08 10:00:00,6,12.36643972572752,86.05687612485336,Cloudy,17.393917697032677
1596,2022-03-08 11:00:00,6,38.012477773782656,42.856605412871225,Stormy,17.81664296579267
1597,2022-03-08 12:00:00,4,18.179922866865155,94.16990254915595,Rainy,8.980755207399234
1598,2022-03-08 13:00:00,3,28.90041701115787,97.59412202761527,Windy,9.186073764261476
1599,2022-03-08 14:00:00,1,40.80276806465104,65.7008375949678,Cloudy,1.5393836601603472
1600,2022-03-08 15:00:00,4,32.78070791665179,31.440089813258112,Stormy,13.415300508860714
1601,2022-03-08 16:00:00,1,28.653522529296737,49.9638594703665,Windy,16.42518840745691
1602,2022-03-08 17:00:00,3,21.351681359038146,83.81858106785712,Rainy,4.893101092094261
1603,2022-03-08 18:00:00,2,21.65506695703693,49.39125829576564,Stormy,8.426017632667293
1604,2022-03-08 19:00:00,5,33.432043431936656,26.961377464223098,Rainy,16.776786735305407
1605,2022-03-08 20:00:00,4,44.794877642740865,64.54279287425504,Rainy,17.54240935324576
1606,2022-03-08 21:00:00,6,33.16437164472825,87.60966811968278,Sunny,4.863599605284518
1607,2022-03-08 22:00:00,3,29.522419607950873,83.67411097148019,Windy,11.011412690827285
1608,2022-03-08 23:00:00,1,35.57276785837361,34.00985121042826,Sunny,3.849863012716541
1609,2022-03-09 00:00:00,4,26.282196429930135,73.82116915299733,Rainy,2.037575282791131
1610,2022-03-09 01:00:00,1,12.104981991027483,37.64034107485177,Stormy,18.22241002783915
1611,2022-03-09 02:00:00,2,29.680388555726843,37.45660276417378,Cloudy,16.410150084642183
1612,2022-03-09 03:00:00,4,43.516884957688305,89.92574186441482,Sunny,15.200698036063478
1613,2022-03-09 04:00:00,5,16.135602982518087,39.97351621921841,Cloudy,0.9753263762628084
1614,2022-03-09 05:00:00,4,34.1501711787233,41.0597877214409,Sunny,16.874575854205148
1615,2022-03-09 06:00:00,5,17.032679103066975,20.052271260903964,Windy,8.760881518107675
1616,2022-03-09 07:00:00,1,28.753968956557845,89.65352273004142,Cloudy,6.847902465917192
1617,2022-03-09 08:00:00,4,13.383675737635187,83.40758505673078,Sunny,10.929527220507529
1618,2022-03-09 09:00:00,3,25.76298276903648,70.18631480725423,Rainy,1.8270648544711166
1619,2022-03-09 10:00:00,6,36.46571651133361,80.02126111510738,Stormy,15.132930987047978
1620,2022-03-09 11:00:00,3,22.165003348364372,32.16388539395935,Rainy,11.648701537765918
1621,2022-03-09 12:00:00,2,33.27191035705263,56.66588756700604,Windy,3.7318019374633504
1622,2022-03-09 13:00:00,3,37.84074862764052,48.09755098790247,Windy,3.764643995380912
1623,2022-03-09 14:00:00,2,42.451223681780846,27.50212210056132,Sunny,3.6849730314534845
1624,2022-03-09 15:00:00,1,18.212472864940874,58.890438817193925,Rainy,1.1400477510386797
1625,2022-03-09 16:00:00,5,23.976057053325786,93.65917202741083,Cloudy,11.755968987433697
1626,2022-03-09 17:00:00,6,15.33456046656461,23.20472952405556,Sunny,16.806963551770163
1627,2022-03-09 18:00:00,1,44.73692257554313,43.31687307950351,Sunny,0.349964279747772
1628,2022-03-09 19:00:00,5,42.44503387735033,36.60327489645628,Rainy,0.980092899425471
1629,2022-03-09 20:00:00,5,28.898499559819584,39.051732293255704,Stormy,11.455405533738915
1630,2022-03-09 21:00:00,2,39.47116530317474,92.67476415035003,Windy,16.389913707721046
1631,2022-03-09 22:00:00,3,28.233529204521478,57.44552433874321,Cloudy,6.534777811372672
1632,2022-03-09 23:00:00,3,31.82549908009659,57.3039530351855,Windy,6.992287976154444
1633,2022-03-10 00:00:00,6,13.119355124060581,80.84605139642258,Sunny,11.926929949935518
1634,2022-03-10 01:00:00,6,36.43446471738828,32.35937632039406,Stormy,5.48425778248294
1635,2022-03-10 02:00:00,2,14.46997192723322,58.981228328004065,Sunny,0.5321673215536826
1636,2022-03-10 03:00:00,2,38.9123670588385,54.39881712968478,Stormy,14.704570362031921
1637,2022-03-10 04:00:00,1,37.3709830684635,67.75285524373248,Rainy,12.512998258829063
1638,2022-03-10 05:00:00,2,34.80606442100418,99.96461626003509,Windy,11.615119981113182
1639,2022-03-10 06:00:00,3,11.265613318366674,81.55591152656376,Sunny,14.833682579836463
1640,2022-03-10 07:00:00,2,20.6094924580865,51.82925624139418,Stormy,13.50461675124075
1641,2022-03-10 08:00:00,2,19.2089399468795,86.20424418192376,Stormy,4.117639763566423
1642,2022-03-10 09:00:00,5,22.604774261503167,33.65666906499841,Sunny,7.049620938867022
1643,2022-03-10 10:00:00,2,13.067496136734349,22.43709490471681,Windy,2.5222028335725
1644,2022-03-10 11:00:00,6,42.7935238060872,36.35586979714184,Rainy,2.5971402683576206
1645,2022-03-10 12:00:00,1,29.38307842493317,47.23292448914077,Rainy,13.523914927130784
1646,2022-03-10 13:00:00,2,20.693350873030823,60.84646059676479,Cloudy,17.172002139649965
1647,2022-03-10 14:00:00,6,23.894353097599918,69.21033124329598,Cloudy,19.254651677222782
1648,2022-03-10 15:00:00,4,25.652088917669246,92.84845737715374,Cloudy,12.566942350988889
1649,2022-03-10 16:00:00,4,31.020801667621605,60.78832076403661,Windy,3.6820264672191394
1650,2022-03-10 17:00:00,5,28.04877996937742,60.10205157005835,Cloudy,2.113006908978614
1651,2022-03-10 18:00:00,5,42.178719062504605,24.01944078583857,Cloudy,16.257019430735156
1652,2022-03-10 19:00:00,4,27.39372190170406,22.792924212497905,Windy,11.575129527199985
1653,2022-03-10 20:00:00,6,44.725530518815944,64.09279695330977,Cloudy,12.365700420274397
1654,2022-03-10 21:00:00,5,39.799873521078354,55.05428905986756,Rainy,15.629241775094185
1655,2022-03-10 22:00:00,6,17.297868002506753,87.13443159842389,Sunny,14.065544554649032
1656,2022-03-10 23:00:00,6,42.570832512537066,32.854366776947614,Rainy,16.689165057121933
1657,2022-03-11 00:00:00,5,14.072823925991663,21.997732969363966,Rainy,1.1242781091975695
1658,2022-03-11 01:00:00,3,38.610739797191705,55.92310143441007,Stormy,14.950412734930097
1659,2022-03-11 02:00:00,6,23.3218152716803,38.9982845401806,Sunny,17.01705514644191
1660,2022-03-11 03:00:00,3,40.72910121557743,23.969149867106996,Rainy,5.722700849166287
1661,2022-03-11 04:00:00,2,40.38198415376076,77.96786294781032,Sunny,12.808945479865057
1662,2022-03-11 05:00:00,4,38.20738900411674,28.9274399965798,Rainy,6.283241276739442
1663,2022-03-11 06:00:00,1,37.65106527074715,68.66556000062174,Windy,19.15942132964908
1664,2022-03-11 07:00:00,4,20.663769868431427,42.48398001335113,Windy,0.6684714487100751
1665,2022-03-11 08:00:00,4,12.832174906793826,33.87968402840176,Cloudy,11.5958568766591
1666,2022-03-11 09:00:00,6,24.104306256780653,50.380121833545395,Windy,3.3300709409903018
1667,2022-03-11 10:00:00,3,16.073358024527803,84.11566209783629,Sunny,14.244404103543173
1668,2022-03-11 11:00:00,3,34.32328811158616,51.367486152365814,Stormy,3.5178056683732417
1669,2022-03-11 12:00:00,5,22.113490428822494,80.06157193688446,Cloudy,4.707665237967151
1670,2022-03-11 13:00:00,1,44.14635703009702,30.038903743932053,Rainy,9.887416220915162
1671,2022-03-11 14:00:00,3,32.43402270708662,81.82171357320632,Windy,18.29669899993756
1672,2022-03-11 15:00:00,5,38.786819727202634,38.95466599253189,Cloudy,4.234287442959417
1673,2022-03-11 16:00:00,1,14.638363545964694,74.19145039110983,Windy,2.8848004223620705
1674,2022-03-11 17:00:00,3,40.17050687954179,65.26252438727971,Cloudy,15.179536637080613
1675,2022-03-11 18:00:00,4,42.296501667968805,94.33157737693499,Sunny,10.01239064667862
1676,2022-03-11 19:00:00,4,27.047167158662756,50.98580143802512,Sunny,18.235702247635427
1677,2022-03-11 20:00:00,1,31.21885282128421,25.293215106755234,Rainy,2.9322911431968457
1678,2022-03-11 21:00:00,1,36.76834303160484,21.532438844100234,Cloudy,12.918557860460787
1679,2022-03-11 22:00:00,3,16.11935195411444,86.14868487782024,Stormy,4.657582923036301
1680,2022-03-11 23:00:00,3,27.589812676220486,61.978851012914575,Sunny,3.135208573032786
1681,2022-03-12 00:00:00,1,23.953205972030958,82.01952414679594,Rainy,13.66858830314541
1682,2022-03-12 01:00:00,6,15.12308972567872,38.75404800092117,Cloudy,11.873692398174665
1683,2022-03-12 02:00:00,1,22.863704780203598,47.6066996410587,Rainy,15.096549167246625
1684,2022-03-12 03:00:00,5,12.386030828492274,22.408309776905515,Sunny,6.189251528923647
1685,2022-03-12 04:00:00,5,10.903416743232045,96.91938596592897,Rainy,8.959433127643798
1686,2022-03-12 05:00:00,5,14.730820120418796,73.42943253606506,Cloudy,8.10943352660837
1687,2022-03-12 06:00:00,4,43.70902890562108,94.6564070207445,Windy,19.681789279330285
1688,2022-03-12 07:00:00,4,29.233533756325592,41.23971259432579,Stormy,5.844979134787758
1689,2022-03-12 08:00:00,5,43.8037756403627,68.91708889805287,Sunny,5.8963447669353375
1690,2022-03-12 09:00:00,5,25.13742574155462,74.27999746341102,Cloudy,7.090964176572148
1691,2022-03-12 10:00:00,6,20.913564657984086,45.403976020607075,Cloudy,11.29188162580643
1692,2022-03-12 11:00:00,1,27.714965199408542,87.8487388012504,Rainy,5.046454885274905
1693,2022-03-12 12:00:00,4,25.382909102151856,95.77291703201982,Sunny,18.30579880758548
1694,2022-03-12 13:00:00,5,13.698263949161037,90.78840941568035,Windy,5.31371129732527
1695,2022-03-12 14:00:00,6,32.42892101415722,79.1253580751498,Windy,17.916314631203893
1696,2022-03-12 15:00:00,2,17.561336387835986,42.19717437799632,Stormy,2.069501272931693
1697,2022-03-12 16:00:00,3,31.685578421424037,42.529283368450535,Stormy,13.131254047993046
1698,2022-03-12 17:00:00,5,32.75703823393537,97.06882563568303,Rainy,18.139710368764874
1699,2022-03-12 18:00:00,4,15.320869859502684,20.822759674855362,Sunny,3.3749887679645907
1700,2022-03-12 19:00:00,5,12.147236948873385,77.28399785937157,Windy,19.3665392019851
1701,2022-03-12 20:00:00,2,37.32665551239539,76.49969300442098,Sunny,9.057667208310233
1702,2022-03-12 21:00:00,1,26.093014831926205,69.81516327598379,Rainy,18.91430216882049
1703,2022-03-12 22:00:00,4,12.035732842691653,99.20870768694927,Sunny,13.53640087260094
1704,2022-03-12 23:00:00,1,44.82032110094185,44.95035486109802,Sunny,6.031737397471031
1705,2022-03-13 00:00:00,3,12.022319634872833,47.197749103459856,Sunny,3.7660504983421283
1706,2022-03-13 01:00:00,6,34.326233010049364,26.315152235724444,Rainy,6.074700924501988
1707,2022-03-13 02:00:00,1,44.428762384219475,55.423850923498996,Rainy,1.8603481852534998
1708,2022-03-13 03:00:00,5,18.371303647557397,40.88388209878785,Rainy,2.8773593268665953
1709,2022-03-13 04:00:00,6,14.978727904051865,47.47093617421154,Windy,2.093208806929623
1710,2022-03-13 05:00:00,2,14.248472879785012,86.76574322045022,Cloudy,8.458870874831154
1711,2022-03-13 06:00:00,1,20.614630164865844,94.83876108219965,Sunny,15.911567525151728
1712,2022-03-13 07:00:00,2,13.536603385372635,34.85864576041485,Stormy,2.827671084326804
1713,2022-03-13 08:00:00,6,34.22564695929462,49.80071452427727,Stormy,2.6064086634467176
1714,2022-03-13 09:00:00,4,12.180212934552195,94.29044496923153,Cloudy,12.868578990346615
1715,2022-03-13 10:00:00,4,27.82977448524264,24.94467685513781,Sunny,3.9436596393613255
1716,2022-03-13 11:00:00,5,44.88438988485419,27.38884224891028,Sunny,1.952200762179832
1717,2022-03-13 12:00:00,5,38.48895943271066,33.023279136498346,Sunny,3.3369715641115527
1718,2022-03-13 13:00:00,5,31.53268033808538,67.61702673014997,Rainy,18.47462791753552
1719,2022-03-13 14:00:00,2,20.71887672753141,32.037781680479796,Windy,16.429425055523815
1720,2022-03-13 15:00:00,3,31.836354270207348,97.44611051605868,Rainy,7.081291247101882
1721,2022-03-13 16:00:00,3,28.44645123690781,55.73716218068163,Sunny,13.116415346547857
1722,2022-03-13 17:00:00,3,24.912918436163004,60.12143682801331,Cloudy,10.745513473360761
1723,2022-03-13 18:00:00,4,14.574863185906981,39.73268926443252,Sunny,13.542485269651278
1724,2022-03-13 19:00:00,4,41.03114753341633,57.67682019477868,Sunny,13.653423049255187
1725,2022-03-13 20:00:00,3,25.742462708746288,72.95309061096091,Windy,12.574680301199859
1726,2022-03-13 21:00:00,6,16.81178791372678,80.09417095632342,Sunny,5.322027370746172
1727,2022-03-13 22:00:00,5,22.871577280705136,80.30944661679304,Rainy,0.7801284152563626
1728,2022-03-13 23:00:00,1,24.494541338512448,66.23128901552707,Stormy,9.111335639802176
1729,2022-03-14 00:00:00,6,38.9638263448406,92.34878199950857,Windy,17.819477693814076
1730,2022-03-14 01:00:00,6,35.67650331964907,85.39262778448875,Windy,11.389945170371519
1731,2022-03-14 02:00:00,3,36.925671277446895,80.56384917589003,Windy,16.647820834038157
1732,2022-03-14 03:00:00,1,10.386094255002652,24.448441734436848,Sunny,19.832486859224563
1733,2022-03-14 04:00:00,3,24.565389936291652,20.550236977571945,Windy,3.2723240827655253
1734,2022-03-14 05:00:00,1,26.84704530723633,36.995782175637835,Windy,13.835552782839645
1735,2022-03-14 06:00:00,5,10.671729688806984,73.08188751307618,Rainy,13.485871474000493
1736,2022-03-14 07:00:00,6,19.093462306076198,52.89579911060366,Cloudy,19.59910894716557
1737,2022-03-14 08:00:00,4,36.610143809274724,52.19250074394494,Rainy,19.712014679056008
1738,2022-03-14 09:00:00,3,14.798839700514968,90.7669510583691,Rainy,13.73357223448259
1739,2022-03-14 10:00:00,3,28.735854600840707,91.6450278505471,Cloudy,4.872295839643885
1740,2022-03-14 11:00:00,6,17.53206552060331,92.73402112428685,Cloudy,15.971116762611981
1741,2022-03-14 12:00:00,6,10.424227112536265,45.11024612120218,Windy,2.140582684220762
1742,2022-03-14 13:00:00,5,18.44205101598395,75.28446501914094,Rainy,15.613986083432573
1743,2022-03-14 14:00:00,2,44.155581421851885,41.73065450194957,Sunny,18.20392248289393
1744,2022-03-14 15:00:00,3,38.053798915904636,35.24878664595598,Stormy,7.656667895368705
1745,2022-03-14 16:00:00,1,43.585182551236166,34.77059658778954,Stormy,12.61270589966161
1746,2022-03-14 17:00:00,5,27.074891537422687,47.36860966908752,Stormy,8.602854641936526
1747,2022-03-14 18:00:00,6,13.840766953712622,54.396609582385736,Rainy,8.755301099762569
1748,2022-03-14 19:00:00,2,29.178582114079255,86.47593368440548,Cloudy,6.207417782162401
1749,2022-03-14 20:00:00,3,25.90320670959863,29.59128747781697,Windy,15.242592409006493
1750,2022-03-14 21:00:00,3,39.55249789588656,78.79406779159154,Windy,18.723531283330104
1751,2022-03-14 22:00:00,6,13.432890327448561,62.516393135144426,Stormy,18.81501718468922
1752,2022-03-14 23:00:00,6,27.088439795762238,43.0356274140794,Windy,3.4956256974986766
1753,2022-03-15 00:00:00,6,15.25170326428945,59.42556676262597,Sunny,17.49487299313132
1754,2022-03-15 01:00:00,4,21.3636574411521,43.99536558216181,Sunny,14.748628828542444
1755,2022-03-15 02:00:00,2,35.80749770857299,67.68655641906449,Cloudy,5.056748013805786
1756,2022-03-15 03:00:00,5,26.66063452790683,54.707513828419536,Windy,1.345692258430291
1757,2022-03-15 04:00:00,6,23.156089980101925,33.1524423263103,Rainy,5.359945337687559
1758,2022-03-15 05:00:00,1,23.806669749951237,29.326645964455736,Windy,18.244164735630513
1759,2022-03-15 06:00:00,3,26.080636894209533,63.73565456577041,Rainy,12.663573497915445
1760,2022-03-15 07:00:00,5,37.47557903429699,92.19304266288827,Stormy,14.421093217957438
1761,2022-03-15 08:00:00,4,41.2229641129082,47.51661492461484,Rainy,5.143047022181917
1762,2022-03-15 09:00:00,6,43.43671402763749,78.64000857780985,Stormy,14.387763111496405
1763,2022-03-15 10:00:00,3,37.54161851893533,72.69290839518135,Sunny,0.5624301255584752
1764,2022-03-15 11:00:00,2,21.039241351180443,94.52439314475848,Windy,7.506426915460276
1765,2022-03-15 12:00:00,6,34.08471471302897,85.67848138393127,Cloudy,12.535066970846625
1766,2022-03-15 13:00:00,6,25.316109341938716,65.32842071243704,Windy,2.9219313108264044
1767,2022-03-15 14:00:00,6,18.91347177161179,72.56243985872858,Stormy,16.460071488938695
1768,2022-03-15 15:00:00,6,39.430505279907294,91.87091732672279,Windy,4.700625976238372
1769,2022-03-15 16:00:00,5,11.344922213681375,51.96150276695478,Cloudy,13.045622256368926
1770,2022-03-15 17:00:00,1,41.56166972473982,46.143576468622186,Stormy,8.103942851506593
1771,2022-03-15 18:00:00,6,26.151711261865696,20.86488669081571,Stormy,11.920871909552943
1772,2022-03-15 19:00:00,6,32.302051688289815,86.12408593531714,Cloudy,2.1490110525781625
1773,2022-03-15 20:00:00,4,33.07738727720239,84.07845603226919,Windy,0.3382559984321465
1774,2022-03-15 21:00:00,5,41.32912092472877,28.35636144801211,Cloudy,18.191288547606025
1775,2022-03-15 22:00:00,3,32.283438875852255,66.14859049061602,Rainy,5.392600175343656
1776,2022-03-15 23:00:00,1,31.487675466602163,57.11853585335099,Sunny,16.393540055609183
1777,2022-03-16 00:00:00,3,12.33282141962415,29.496727640728917,Cloudy,19.987006009444002
1778,2022-03-16 01:00:00,3,28.144280768082144,98.44545816485788,Stormy,4.228625159978224
1779,2022-03-16 02:00:00,2,15.255915028596458,37.17567099706844,Rainy,5.3034148236671115
1780,2022-03-16 03:00:00,2,35.810181905251994,25.37873440724489,Sunny,13.257195752693313
1781,2022-03-16 04:00:00,3,27.927767228443606,67.58779036015277,Cloudy,19.308972692012425
1782,2022-03-16 05:00:00,4,33.80797227229237,79.10933417064261,Sunny,18.31628696381488
1783,2022-03-16 06:00:00,2,11.45855152108345,22.595475683774957,Windy,10.057510401311697
1784,2022-03-16 07:00:00,2,12.967720561603112,72.69741109816178,Stormy,15.902205650534494
1785,2022-03-16 08:00:00,2,35.07131858219388,62.58335007611635,Cloudy,2.714917061998021
1786,2022-03-16 09:00:00,2,12.522951759953568,28.261200710003873,Stormy,19.548763684080246
1787,2022-03-16 10:00:00,1,12.49398547178405,33.80191015570897,Rainy,19.28706468071973
1788,2022-03-16 11:00:00,3,10.42379663322106,65.43794378528645,Rainy,3.2745791575834193
1789,2022-03-16 12:00:00,1,43.4775489404818,43.708609081063074,Sunny,5.988462496062132
1790,2022-03-16 13:00:00,5,35.81279258106524,95.06525829210528,Rainy,2.0030999501353386
1791,2022-03-16 14:00:00,5,22.363799297572246,85.49921835872406,Rainy,5.434351977963594
1792,2022-03-16 15:00:00,6,20.378745345067934,98.68537652109305,Cloudy,16.31911578830413
1793,2022-03-16 16:00:00,5,22.239613041104732,40.77366711603312,Stormy,7.56631214330519
1794,2022-03-16 17:00:00,1,37.11287359134137,97.57789062383816,Sunny,1.7679393429351675
1795,2022-03-16 18:00:00,6,33.14797138746451,54.498709583324626,Rainy,6.844510495578091
1796,2022-03-16 19:00:00,3,16.48184487536138,47.801503625100366,Stormy,19.627666684825602
1797,2022-03-16 20:00:00,5,16.093826736692954,24.02796215754826,Windy,12.593671905184058
1798,2022-03-16 21:00:00,2,13.443847739968906,24.221220628768208,Cloudy,8.323218928123154
1799,2022-03-16 22:00:00,5,33.110595189546835,75.36090047573238,Rainy,3.3307702699454
1800,2022-03-16 23:00:00,4,36.75304317776076,56.63431955472223,Rainy,19.723535945673895
1801,2022-03-17 00:00:00,2,19.27662499137514,38.121730082888455,Rainy,16.416980185262574
1802,2022-03-17 01:00:00,2,10.733073636081949,69.11762450601861,Stormy,5.629546049018388
1803,2022-03-17 02:00:00,2,12.876008361674957,40.228649460008896,Cloudy,1.4013739144237891
1804,2022-03-17 03:00:00,6,43.87510121957607,66.2105403475538,Cloudy,1.1325111475511607
1805,2022-03-17 04:00:00,5,20.34056721170971,48.73669975861523,Stormy,2.4075629901106765
1806,2022-03-17 05:00:00,2,36.92281017433467,85.88417812894552,Sunny,11.615371672288433
1807,2022-03-17 06:00:00,6,31.86322490989923,85.65569286134235,Cloudy,18.575268424109847
1808,2022-03-17 07:00:00,4,23.367887387851354,58.188031849792104,Stormy,9.934868560119689
1809,2022-03-17 08:00:00,1,17.199054176844427,48.06552874680125,Stormy,16.858909649123945
1810,2022-03-17 09:00:00,4,14.248524635579225,49.00478372472756,Rainy,8.917732397196156
1811,2022-03-17 10:00:00,3,31.52545388136033,84.45716205345744,Stormy,14.171670915356504
1812,2022-03-17 11:00:00,6,37.11218232232258,46.25435862380896,Rainy,14.637454745730016
1813,2022-03-17 12:00:00,6,32.53664887393957,36.72474989654768,Windy,3.479274118066773
1814,2022-03-17 13:00:00,2,28.56057466372054,26.775067350024546,Stormy,7.224321179516235
1815,2022-03-17 14:00:00,4,11.46829282010727,57.33544967075267,Cloudy,12.746043130760478
1816,2022-03-17 15:00:00,5,43.89710721580343,58.570567913587354,Rainy,1.4139321636873237
1817,2022-03-17 16:00:00,3,37.95499670791011,87.27269683223257,Windy,7.2308037552591315
1818,2022-03-17 17:00:00,6,20.248771284533767,37.69909571568512,Sunny,10.695989325623849
1819,2022-03-17 18:00:00,4,44.298961527559776,50.47930189347199,Sunny,19.924489860892773
1820,2022-03-17 19:00:00,2,31.065855637271273,84.67245911149527,Sunny,9.490671252448815
1821,2022-03-17 20:00:00,5,30.384793037253626,85.88988885991787,Rainy,16.321135142286472
1822,2022-03-17 21:00:00,2,36.182561280033624,50.768886078301456,Stormy,8.641345701332355
1823,2022-03-17 22:00:00,3,38.41194258315481,56.729921862934475,Rainy,15.927814452394177
1824,2022-03-17 23:00:00,4,32.9767512566026,44.262871267942636,Sunny,11.908296032402168
1825,2022-03-18 00:00:00,2,14.483351122817002,94.60439027354496,Stormy,17.731908830047967
1826,2022-03-18 01:00:00,3,21.839362709807446,29.491501259326427,Windy,8.218851047002198
1827,2022-03-18 02:00:00,6,42.482927411411744,94.6999538401176,Sunny,12.086088396429577
1828,2022-03-18 03:00:00,5,17.861546414534818,74.70931614682746,Cloudy,12.600373612376547
1829,2022-03-18 04:00:00,4,23.025845834312967,62.5257722149385,Stormy,8.347658836009465
1830,2022-03-18 05:00:00,4,25.12269090304686,22.61272486275967,Rainy,2.8862408737496303
1831,2022-03-18 06:00:00,3,25.379174639305827,58.047695345760665,Rainy,1.871188138246711
1832,2022-03-18 07:00:00,4,31.452885387308392,52.61984840021859,Cloudy,0.333431011992662
1833,2022-03-18 08:00:00,5,43.00765432106476,32.897504958009804,Rainy,17.47068528490429
1834,2022-03-18 09:00:00,5,18.424244914137674,72.51276828005255,Cloudy,4.729498244773891
1835,2022-03-18 10:00:00,4,14.252548170532133,97.69207258946287,Sunny,4.230134985635361
1836,2022-03-18 11:00:00,2,16.911467145097806,64.97510488516201,Sunny,14.72070800852131
1837,2022-03-18 12:00:00,2,41.04237150732443,77.18026211551566,Rainy,6.400322261747835
1838,2022-03-18 13:00:00,5,32.60337844293221,25.476036205281343,Stormy,10.120893848236731
1839,2022-03-18 14:00:00,2,20.006737623370604,53.41335966535958,Rainy,3.250221305949126
1840,2022-03-18 15:00:00,3,38.55814286390161,29.30867881315967,Sunny,19.194914429239386
1841,2022-03-18 16:00:00,1,40.14794987272026,69.02366684292083,Stormy,17.031628000344746
1842,2022-03-18 17:00:00,6,39.628001854159734,95.07857265713237,Cloudy,17.275792459300064
1843,2022-03-18 18:00:00,4,42.162428677384405,72.94221859773108,Sunny,8.135474971440104
1844,2022-03-18 19:00:00,3,18.828435706067655,26.144243865153722,Cloudy,15.247224274143456
1845,2022-03-18 20:00:00,5,36.426467506119735,48.37329639880663,Windy,2.877523107795603
1846,2022-03-18 21:00:00,1,26.1188824045949,64.05307035526812,Stormy,0.17238005183560556
1847,2022-03-18 22:00:00,6,39.46994935115215,52.256620490660175,Sunny,0.3994586515605625
1848,2022-03-18 23:00:00,5,35.49717370065646,86.69152083801379,Cloudy,11.732034748091209
1849,2022-03-19 00:00:00,1,37.17566062749036,85.17368037679914,Cloudy,9.107898104958815
1850,2022-03-19 01:00:00,3,32.965664318837504,68.94648160825771,Cloudy,10.360306978170396
1851,2022-03-19 02:00:00,1,16.21000693143974,49.87663561061642,Rainy,0.1492628083443881
1852,2022-03-19 03:00:00,2,29.07594216139284,40.42690990105953,Rainy,8.453732393148513
1853,2022-03-19 04:00:00,3,44.463440883357784,28.469945457050343,Windy,14.361363224017216
1854,2022-03-19 05:00:00,4,42.808582327399165,48.39181467892432,Windy,8.853874039348717
1855,2022-03-19 06:00:00,5,11.511080752895408,53.053801376617564,Cloudy,14.644384126244445
1856,2022-03-19 07:00:00,2,15.768518550530299,74.06583400832588,Rainy,4.660379287936696
1857,2022-03-19 08:00:00,4,14.610507070909666,72.65278594380588,Stormy,16.26284008963451
1858,2022-03-19 09:00:00,1,35.409296849485344,25.608651171300558,Stormy,11.768624809069046
1859,2022-03-19 10:00:00,2,38.62248654499308,51.620745234492624,Cloudy,4.215261988598124
1860,2022-03-19 11:00:00,4,17.472897820873516,34.54230937738895,Rainy,4.734409517076658
1861,2022-03-19 12:00:00,3,27.704844253314015,32.54501642534446,Stormy,12.56060929139074
1862,2022-03-19 13:00:00,1,39.424605980392,86.18417197897968,Rainy,16.598791864248867
1863,2022-03-19 14:00:00,4,35.64805406681877,23.353217337300602,Windy,8.312555640583103
1864,2022-03-19 15:00:00,1,28.97830219221469,53.534630072169705,Cloudy,5.166008582551845
1865,2022-03-19 16:00:00,4,30.66216916605705,33.45629246132145,Cloudy,17.34023213821201
1866,2022-03-19 17:00:00,5,27.7926191420698,90.34641725427792,Rainy,13.385365835016698
1867,2022-03-19 18:00:00,3,20.414195796158722,64.56324106200282,Rainy,8.96170974566153
1868,2022-03-19 19:00:00,2,29.775769750065564,38.51045091014784,Sunny,9.758003905586037
1869,2022-03-19 20:00:00,4,34.110985571753176,60.19418297331011,Stormy,4.085129358727928
1870,2022-03-19 21:00:00,1,40.56630205512827,78.51890877624926,Windy,12.536052601296879
1871,2022-03-19 22:00:00,3,32.27019738927368,96.6494407135547,Stormy,7.174850210857773
1872,2022-03-19 23:00:00,2,36.63925379651053,37.63568033963352,Sunny,19.912903533486986
1873,2022-03-20 00:00:00,1,15.602507223410054,90.89454177034762,Rainy,9.603670305237756
1874,2022-03-20 01:00:00,3,26.154511604692647,94.74432913339922,Stormy,9.717712123792264
1875,2022-03-20 02:00:00,1,10.326606693948266,93.3136435625653,Cloudy,11.317035748213438
1876,2022-03-20 03:00:00,6,18.633760258256807,70.83314854895278,Stormy,18.335120062374934
1877,2022-03-20 04:00:00,6,35.42616002895517,70.38565235477662,Rainy,16.016361997195006
1878,2022-03-20 05:00:00,3,44.71334829722772,52.25685065470582,Stormy,9.022601395956828
1879,2022-03-20 06:00:00,2,13.471233485552556,80.19183058430303,Sunny,14.373985319455919
1880,2022-03-20 07:00:00,2,24.052301055145087,62.50352146807455,Windy,11.724709975615234
1881,2022-03-20 08:00:00,1,38.00248390447058,74.19504569826356,Rainy,9.847340974024979
1882,2022-03-20 09:00:00,3,17.14124721201146,54.27663230790364,Cloudy,3.8463154556870105
1883,2022-03-20 10:00:00,4,29.42797322558002,78.51971712345113,Sunny,9.27872526909782
1884,2022-03-20 11:00:00,6,35.65749536103861,85.95772140836392,Rainy,4.916371740451493
1885,2022-03-20 12:00:00,2,31.559490759106268,31.71490052822529,Cloudy,18.296842997033092
1886,2022-03-20 13:00:00,6,16.580865711539566,86.63437724593824,Cloudy,6.708136269926939
1887,2022-03-20 14:00:00,4,22.43845990400088,63.22372254322458,Rainy,19.045280290667446
1888,2022-03-20 15:00:00,4,37.4327124569889,87.57327272721794,Sunny,10.661105801894223
1889,2022-03-20 16:00:00,5,29.39792799462058,54.50413650728117,Cloudy,12.630887573523207
1890,2022-03-20 17:00:00,1,10.183036474001947,50.3232388306428,Windy,10.858808889786555
1891,2022-03-20 18:00:00,1,36.63467660098328,93.2048586013778,Sunny,2.587612339334018
1892,2022-03-20 19:00:00,1,11.235897422908367,40.0935414038721,Cloudy,7.516424380158819
1893,2022-03-20 20:00:00,3,36.100682395593125,87.53698602289145,Rainy,1.9829222455524786
1894,2022-03-20 21:00:00,2,17.086819605783308,58.72164580075233,Rainy,12.459080883667635
1895,2022-03-20 22:00:00,2,43.53257180417831,61.12763540410078,Sunny,8.93748390400878
1896,2022-03-20 23:00:00,5,22.877926295572955,44.67746251915872,Cloudy,15.559699431418736
1897,2022-03-21 00:00:00,6,21.44260657183277,65.84337604952125,Cloudy,4.409409619987397
1898,2022-03-21 01:00:00,5,15.211081761635564,46.0168957020969,Sunny,3.2913211685866983
1899,2022-03-21 02:00:00,5,20.69614754215752,23.141553139332185,Sunny,8.126644619275357
1900,2022-03-21 03:00:00,4,40.68277666398702,41.75988842754848,Sunny,18.531707664367623
1901,2022-03-21 04:00:00,1,44.87170181695365,20.510323472527254,Windy,14.208436300248234
1902,2022-03-21 05:00:00,3,22.89083356773969,98.26838296454854,Windy,8.378472495858373
1903,2022-03-21 06:00:00,2,25.70137208340899,97.2597767855798,Windy,10.34544339508621
1904,2022-03-21 07:00:00,3,35.272482837095794,51.6124237977844,Rainy,1.6842602235419668
1905,2022-03-21 08:00:00,1,41.01685231627761,78.26966834717169,Windy,19.691517927522263
1906,2022-03-21 09:00:00,1,30.756551696537446,47.664487872834,Windy,13.32814609389838
1907,2022-03-21 10:00:00,2,23.703399436224025,73.68745256687808,Windy,5.70808136926845
1908,2022-03-21 11:00:00,4,24.44176442970183,84.43440344367832,Cloudy,11.716167884304888
1909,2022-03-21 12:00:00,6,34.34663512738824,95.74049957537926,Stormy,2.1896473213798795
1910,2022-03-21 13:00:00,5,10.112639226149755,52.01698206797376,Windy,19.31673337615167
1911,2022-03-21 14:00:00,4,31.685626811094423,82.66383863648382,Sunny,3.4956997576673188
1912,2022-03-21 15:00:00,1,22.442255365447508,41.274276050569505,Windy,12.960606361104283
1913,2022-03-21 16:00:00,1,37.796906594697944,99.22658430349186,Stormy,4.909089250778608
1914,2022-03-21 17:00:00,4,13.254672393809626,22.06156790114809,Rainy,14.351227652970715
1915,2022-03-21 18:00:00,5,30.58707934319367,68.28230452008967,Rainy,15.53642734480562
1916,2022-03-21 19:00:00,5,26.834051146014332,72.76047853210616,Windy,13.468394578228652
1917,2022-03-21 20:00:00,1,32.481393406682955,75.04364456593031,Sunny,12.28998920510385
1918,2022-03-21 21:00:00,6,12.269875806903892,29.631006303127123,Sunny,17.849381879040234
1919,2022-03-21 22:00:00,5,30.299432559984595,95.08238267785043,Cloudy,1.5725342197951608
1920,2022-03-21 23:00:00,5,29.65196057858333,34.494662324006626,Sunny,6.618295315603904
1921,2022-03-22 00:00:00,2,29.623103304565984,69.82027225918728,Cloudy,4.96574959261692
1922,2022-03-22 01:00:00,6,31.12206833087592,37.814086329846795,Cloudy,19.76027924130843
1923,2022-03-22 02:00:00,2,33.67637780292267,44.57731336170167,Sunny,7.78779559333747
1924,2022-03-22 03:00:00,3,38.174614988826946,63.71668333824995,Sunny,14.652253984807974
1925,2022-03-22 04:00:00,4,19.4437252044875,53.37547348516612,Cloudy,13.694503277620091
1926,2022-03-22 05:00:00,1,38.87672935630217,32.818048078120505,Rainy,4.2416247495475545
1927,2022-03-22 06:00:00,5,27.438948879220877,33.674912193667865,Windy,4.779953604231027
1928,2022-03-22 07:00:00,3,12.69703976970159,53.451583053023974,Rainy,5.625691271060682
1929,2022-03-22 08:00:00,2,12.049282523539272,80.58263826204006,Sunny,8.222545565187584
1930,2022-03-22 09:00:00,5,21.698341154362126,91.83717174782308,Stormy,4.686501313010536
1931,2022-03-22 10:00:00,4,37.471394198901365,26.73021298075063,Sunny,0.3930296549369561
1932,2022-03-22 11:00:00,2,34.76883271593205,51.44831260475208,Cloudy,17.58786113614391
1933,2022-03-22 12:00:00,6,37.601523763534225,28.01964509783013,Stormy,19.31219662761768
1934,2022-03-22 13:00:00,6,28.104416975456328,21.32739845060783,Stormy,6.831407740631359
1935,2022-03-22 14:00:00,1,25.40696492844217,72.93749461151653,Windy,6.770137588509457
1936,2022-03-22 15:00:00,5,15.160838434719938,68.19595535732702,Sunny,0.14183625548741974
1937,2022-03-22 16:00:00,3,21.486746376325904,33.0415291051909,Windy,13.605013766607481
1938,2022-03-22 17:00:00,1,25.190677816085632,38.70502664744513,Rainy,16.508797914972575
1939,2022-03-22 18:00:00,5,13.101015038786603,21.89662029156147,Stormy,2.9321660072000633
1940,2022-03-22 19:00:00,5,17.721418344892392,86.7957764555523,Windy,3.193326987343015
1941,2022-03-22 20:00:00,5,30.93788529223086,97.97524768388412,Rainy,15.801664999428755
1942,2022-03-22 21:00:00,5,35.748208998371645,30.836762943575266,Sunny,12.325814967082893
1943,2022-03-22 22:00:00,5,44.94216289875324,38.51801710122385,Sunny,0.8972111525543403
1944,2022-03-22 23:00:00,1,42.658966597024516,89.47276191575472,Cloudy,12.450939809245634
1945,2022-03-23 00:00:00,4,32.4897819837317,94.11710383649479,Rainy,6.178354456875321
1946,2022-03-23 01:00:00,4,24.743681865292523,53.57019062454483,Rainy,7.374503109416919
1947,2022-03-23 02:00:00,1,32.26620776478815,24.049797781525932,Windy,15.394628365937603
1948,2022-03-23 03:00:00,6,37.49780663280812,23.151346695425552,Stormy,16.21870385345221
1949,2022-03-23 04:00:00,4,14.141766682318556,65.91598928552084,Stormy,8.007132536796613
1950,2022-03-23 05:00:00,3,24.346671139370088,51.431608711454324,Cloudy,18.943058720127095
1951,2022-03-23 06:00:00,3,39.3930799972466,22.29219420621236,Cloudy,8.129254359041445
1952,2022-03-23 07:00:00,6,23.434153317656538,66.66019138500454,Cloudy,15.436720704602198
1953,2022-03-23 08:00:00,1,30.01552949295153,20.904202927121798,Rainy,9.677545291285181
1954,2022-03-23 09:00:00,3,30.571927630176937,82.98975665194183,Sunny,17.95064653044168
1955,2022-03-23 10:00:00,1,16.45666885967738,44.51462581626973,Sunny,18.155224873003572
1956,2022-03-23 11:00:00,3,22.678240457830093,23.220640240738568,Windy,1.7483361574216771
1957,2022-03-23 12:00:00,2,21.707895105967623,67.06817767865226,Stormy,18.729866626204515
1958,2022-03-23 13:00:00,6,10.916884798622268,51.81475315464438,Stormy,16.510696830408314
1959,2022-03-23 14:00:00,6,10.846711736197433,97.90403306857196,Windy,15.826214286253338
1960,2022-03-23 15:00:00,6,39.10939652865207,63.53589300029618,Rainy,4.018226793710449
1961,2022-03-23 16:00:00,1,19.557478349048434,42.019134482960666,Sunny,16.1023841750933
1962,2022-03-23 17:00:00,5,28.13275681835854,76.75510917071799,Cloudy,17.002654693700737
1963,2022-03-23 18:00:00,6,20.455395075607058,41.719360203416905,Sunny,5.7830066890830185
1964,2022-03-23 19:00:00,3,42.92377357903692,92.3394633126052,Windy,19.045201567246476
1965,2022-03-23 20:00:00,2,19.075386560302082,49.97775764059011,Sunny,0.997202927983285
1966,2022-03-23 21:00:00,1,25.03798844586273,63.98948502209642,Cloudy,2.9981850649427932
1967,2022-03-23 22:00:00,3,40.545558766961065,24.045848305938307,Stormy,10.751622761030287
1968,2022-03-23 23:00:00,5,39.467674837713304,54.08969903617846,Windy,11.515849422446195
1969,2022-03-24 00:00:00,3,16.513549624619706,86.5890831728796,Rainy,12.903001666018067
1970,2022-03-24 01:00:00,6,38.09251584284986,84.45190442906735,Sunny,0.33938258630932916
1971,2022-03-24 02:00:00,2,26.036541035826243,37.9454847082821,Sunny,19.207335492442606
1972,2022-03-24 03:00:00,6,26.90391052298743,38.086325680845015,Rainy,0.8917618546828798
1973,2022-03-24 04:00:00,4,14.671799034558031,85.38442497705894,Rainy,2.8612390544680477
1974,2022-03-24 05:00:00,6,12.821052981499363,94.43187361354605,Cloudy,0.2802903505211396
1975,2022-03-24 06:00:00,4,35.477875744081786,27.628873701840284,Sunny,11.337168665881894
1976,2022-03-24 07:00:00,6,27.37614033243549,56.00469115409802,Windy,18.645337678419445
1977,2022-03-24 08:00:00,2,25.289774591531284,46.996342317138314,Sunny,13.318943321609284
1978,2022-03-24 09:00:00,2,35.53278800283388,89.65507643659515,Cloudy,16.453149369608546
1979,2022-03-24 10:00:00,1,36.79295146468884,26.6819931744015,Windy,0.26562406917160164
1980,2022-03-24 11:00:00,6,15.561785868427375,36.89007540464299,Windy,10.840305969594521
1981,2022-03-24 12:00:00,4,31.357880231717445,80.19746700691954,Windy,9.191259550110438
1982,2022-03-24 13:00:00,1,14.737392879718993,24.103507918497247,Cloudy,9.979358884415861
1983,2022-03-24 14:00:00,3,36.2981280110166,59.40283045714314,Sunny,1.444263706703759
1984,2022-03-24 15:00:00,2,32.99343046934988,55.3685627743776,Stormy,13.68870722138615
1985,2022-03-24 16:00:00,1,43.48151173792103,46.752094319099896,Windy,10.064408297172688
1986,2022-03-24 17:00:00,2,12.413530572474741,51.565785225513906,Rainy,15.30297699722528
1987,2022-03-24 18:00:00,1,11.996915240293902,62.39524695441864,Cloudy,9.705812681234306
1988,2022-03-24 19:00:00,3,19.876547614262005,32.90938867107065,Windy,2.9876327245286416
1989,2022-03-24 20:00:00,3,19.15969893075671,65.75967026268742,Cloudy,12.96513908155644
1990,2022-03-24 21:00:00,5,18.644257967519994,84.4345863439989,Rainy,3.4477272421033245
1991,2022-03-24 22:00:00,4,41.71891031823628,80.81287438321272,Windy,17.4478912670963
1992,2022-03-24 23:00:00,5,18.734116994732716,32.311992375501895,Sunny,12.26232478138483
1993,2022-03-25 00:00:00,4,19.518240414502085,31.939957579317912,Cloudy,3.144077671139085
1994,2022-03-25 01:00:00,3,36.57893918462873,41.453949419593066,Windy,19.246761149624135
1995,2022-03-25 02:00:00,1,25.740894485768898,48.88597810728298,Windy,10.367309266706412
1996,2022-03-25 03:00:00,6,37.18486949343134,52.67644651267861,Cloudy,1.4579690374331
1997,2022-03-25 04:00:00,2,12.287815514753483,74.37577734666762,Rainy,12.536658088301344
1998,2022-03-25 05:00:00,3,27.06499177856845,24.534434573266832,Cloudy,5.0639781402562045
1999,2022-03-25 06:00:00,3,11.176476006414893,22.77381633808531,Stormy,16.07386903754605
2000,2022-03-25 07:00:00,1,12.19286212093741,51.35284503551272,Sunny,16.356441471323812
